{
  "accuracy": 0.8225352112676056,
  "precision": [
    0.8844444444444445,
    0.6375,
    0.84
  ],
  "recall": [
    0.9170506912442397,
    0.7727272727272727,
    0.5833333333333334
  ],
  "f1": [
    0.9004524886877828,
    0.6986301369863014,
    0.6885245901639344
  ],
  "confusion_matrix": [
    [
      199,
      11,
      7
    ],
    [
      14,
      51,
      1
    ],
    [
      12,
      18,
      42
    ]
  ]
}