{
  "train_loss": [
    13.50011920928955,
    5.077745735645294,
    3.5255477031071982,
    2.2508612473805747,
    1.3814972788095474,
    1.1972513496875763,
    1.1413995325565338,
    0.9216019908587137,
    1.0902648245294888,
    1.0918615261713664,
    0.673479383190473,
    0.7672084669272105,
    0.9089585791031519,
    0.6173926889896393,
    1.040960560242335,
    0.5566241492827734,
    0.42804702123006183,
    0.5282918910185496,
    0.3014817324777444,
    0.36706017702817917,
    0.34301481892665225,
    0.2924258808294932,
    0.2212085040907065,
    0.24134116371472678,
    0.3595985348025958,
    0.2421694795290629,
    0.188671438023448,
    0.30060576523343724,
    0.26919015124440193,
    0.20421990131338438,
    0.14947348732190827,
    0.21639789268374443,
    0.16555014035354057,
    0.11629767436534166,
    0.1503077708184719,
    0.21916398157676062,
    0.1426293464998404,
    0.07305972821389635,
    0.09706727229058743,
    0.09785804216517136,
    0.17157993962367377,
    0.221840538084507,
    0.10813506382207076,
    0.0710208519982795,
    0.083606731321197,
    0.0808121133595705,
    0.039664321069722064,
    0.02712570745885993,
    0.030015008058398962,
    0.024181260261684656,
    0.26326303152988356,
    0.021136644412763417,
    0.05654587332780162,
    0.02166299007755394,
    0.021630112605635077,
    0.02190402018216749,
    0.05136238317936659,
    0.027850469550079044,
    0.01255887106526643,
    0.01655796218741064,
    0.013499327547227344,
    0.009156074840575457,
    0.018907149399941165,
    0.025924178005273763,
    0.005977396183880046,
    0.014045130228623748,
    0.012529414632202437,
    0.1426050034351647,
    0.014466619584709406,
    0.006723672733642161,
    0.01163036609068513,
    0.013146078466282537,
    0.017506846401374787,
    0.021058437230143074,
    0.008082554864813574,
    0.009908925800118595,
    0.007119956271102031,
    0.016982243013141367,
    0.013867664073283473,
    0.011688712003888213,
    0.007108256686478853,
    0.021108869307984907,
    0.006542952459615965,
    0.05281929369084537
  ],
  "val_loss": [
    1.1187193393707275,
    1.0150200128555298,
    0.9982427358627319,
    0.9718504548072815,
    0.945543110370636,
    0.9475081562995911,
    0.9104998707771301,
    0.9228188395500183,
    0.8543981313705444,
    0.8020349144935608,
    0.6523212790489197,
    0.6680903434753418,
    0.7637458443641663,
    0.5853439569473267,
    0.593417227268219,
    0.6078484058380127,
    0.5884239673614502,
    0.6699924468994141,
    0.8528144359588623,
    0.8284797668457031,
    0.6943148970603943,
    0.9073792099952698,
    0.620316207408905,
    0.5955148339271545,
    0.5180453658103943,
    0.5861683487892151,
    0.43978384137153625,
    0.6647042632102966,
    0.47553008794784546,
    0.6340770721435547,
    0.513536274433136,
    0.8312921524047852,
    0.43236759305000305,
    0.4119611382484436,
    0.556853175163269,
    0.5196788907051086,
    0.45279738306999207,
    0.5374135971069336,
    0.6207300424575806,
    0.6494179368019104,
    0.5796079039573669,
    0.5719663500785828,
    0.5424089431762695,
    0.5786866545677185,
    0.4791280925273895,
    0.4866662323474884,
    0.46561703085899353,
    0.4638594090938568,
    0.45812734961509705,
    0.45320677757263184,
    0.45973527431488037,
    0.4844769537448883,
    0.4885314106941223,
    0.48590511083602905,
    0.5034055113792419,
    0.49529173970222473,
    0.49435093998908997,
    0.4870871305465698,
    0.4911697506904602,
    0.5002630949020386,
    0.5007994174957275,
    0.5078918933868408,
    0.5018958449363708,
    0.4947121739387512,
    0.5057541131973267,
    0.5060468912124634,
    0.5076711773872375,
    0.4967430830001831,
    0.5054474472999573,
    0.49180516600608826,
    0.4967450499534607,
    0.512867271900177,
    0.5086844563484192,
    0.5220805406570435,
    0.5186342000961304,
    0.5285606980323792,
    0.5249515175819397,
    0.5195452570915222,
    0.5091367363929749,
    0.5164000391960144,
    0.5109189748764038,
    0.5183801651000977,
    0.5174262523651123,
    0.5223372578620911
  ],
  "train_acc": [
    0.38580246913580246,
    0.4660493827160494,
    0.37962962962962965,
    0.5123456790123457,
    0.48148148148148145,
    0.5432098765432098,
    0.5432098765432098,
    0.5802469135802469,
    0.5524691358024691,
    0.5864197530864198,
    0.7222222222222222,
    0.6820987654320988,
    0.7685185185185185,
    0.7716049382716049,
    0.7253086419753086,
    0.8240740740740741,
    0.845679012345679,
    0.7932098765432098,
    0.8703703703703703,
    0.8302469135802469,
    0.8487654320987654,
    0.904320987654321,
    0.8827160493827161,
    0.8981481481481481,
    0.904320987654321,
    0.9166666666666666,
    0.8919753086419753,
    0.9290123456790124,
    0.8796296296296297,
    0.9104938271604939,
    0.9475308641975309,
    0.9444444444444444,
    0.904320987654321,
    0.9567901234567902,
    0.9537037037037037,
    0.9351851851851852,
    0.9382716049382716,
    0.9753086419753086,
    0.9598765432098766,
    0.9629629629629629,
    0.9197530864197531,
    0.9444444444444444,
    0.9598765432098766,
    0.9753086419753086,
    0.9598765432098766,
    0.9845679012345679,
    0.9814814814814815,
    0.9907407407407407,
    0.9845679012345679,
    0.9969135802469136,
    0.9938271604938271,
    0.9938271604938271,
    0.9876543209876543,
    0.9907407407407407,
    0.9907407407407407,
    0.9938271604938271,
    0.9907407407407407,
    0.9907407407407407,
    0.9969135802469136,
    0.9969135802469136,
    0.9969135802469136,
    1.0,
    0.9907407407407407,
    0.9907407407407407,
    1.0,
    0.9938271604938271,
    0.9938271604938271,
    0.9907407407407407,
    1.0,
    1.0,
    0.9969135802469136,
    0.9969135802469136,
    0.9969135802469136,
    0.9938271604938271,
    1.0,
    1.0,
    1.0,
    0.9969135802469136,
    0.9907407407407407,
    0.9938271604938271,
    0.9969135802469136,
    1.0,
    1.0,
    0.9907407407407407
  ],