{
  "train_loss": [
    12.293280363082886,
    5.074117143948873,
    4.210824211438497,
    2.4577791492144265,
    2.25875186920166,
    2.2151341636975608,
    2.4923389752705893,
    1.6248642603556316,
    2.1144421895345054,
    1.415744036436081,
    1.3886133829752605,
    1.2500287393728893,
    0.9828945696353912,
    0.9085533358156681,
    0.8188750309248766,
    1.3503703673680623,
    0.8760453959306082,
    0.9581729471683502,
    1.2929927706718445,
    1.091870864232381,
    1.152069240808487,
    0.8610839943091074,
    1.1461558043956757,
    0.9705618272225062,
    0.7747149169445038,
    1.253258188565572,
    1.0863393942515056,
    0.6295792907476425,
    0.7604300280412039,
    0.5398708855112394,
    0.7871341158946356,
    0.5530487100283304,
    0.5776499013106028,
    0.7900367130835851,
    0.7099155982335409,
    0.43627655257781345,
    0.6650111873944601,
    0.49827778711915016,
    0.5015184426059326,
    0.6084069361289343,
    0.5341034854451815,
    1.176633045077324,
    0.49460433920224506,
    0.5019261290629705,
    0.6409441033999125,
    0.4658254285653432,
    0.4118461261192958,
    0.46377990146478015,
    0.4609178950389226,
    0.6188984115918478,
    0.465389425555865,
    0.43159488836924237,
    0.47200098633766174,
    0.36907499469816685,
    0.4170367835710446,
    0.4458101491133372,
    0.42020245144764584,
    0.4977123985687892,
    0.3482559422651927,
    0.47618648906548816,
    0.6961833983659744,
    0.4471890057126681,
    0.3713428775469462,
    0.3652501826484998,
    0.39953839282194775,
    0.4291359707713127,
    0.5916660030682882,
    0.33474458505709964,
    0.45049843192100525,
    0.39674857755502063,
    0.3492592026789983,
    0.36318517103791237
  ],
  "val_loss": [
    1.0063496828079224,
    1.7885698080062866,
    1.0109246969223022,
    1.3317683935165405,
    1.8716872930526733,
    1.2258105278015137,
    1.3613557815551758,
    1.1389976739883423,
    1.2482476234436035,
    1.3294376134872437,
    1.2535687685012817,
    1.179983139038086,
    1.1213458776474,
    1.0729626417160034,
    1.068975806236267,
    1.125784158706665,
    1.046190857887268,
    1.0154966115951538,
    0.9113034605979919,
    1.0226459503173828,
    0.9302201271057129,
    0.8813693523406982,
    0.8904894590377808,
    0.8979035019874573,
    0.8926861882209778,
    1.1449310779571533,
    1.0903682708740234,
    1.0696619749069214,
    1.0266128778457642,
    1.0457106828689575,
    0.9967890977859497,
    0.9475115537643433,
    0.9504953622817993,
    0.9481279850006104,
    0.9444577097892761,
    0.9751237630844116,
    0.9672622084617615,
    0.9917575120925903,
    0.9588223099708557,
    0.9898843169212341,
    0.9727333784103394,
    0.9431350231170654,
    0.9377099275588989,
    0.9121013879776001,
    0.9054060578346252,
    0.9169715046882629,
    0.9247762560844421,
    0.9203802943229675,
    0.925875723361969,
    0.9299708008766174,
    0.9320471286773682,
    0.9330483078956604,
    0.924556314945221,
    0.9294702410697937,
    0.9387357831001282,
    0.9436184167861938,
    0.93052077293396,
    0.9414258003234863,
    0.9490214586257935,
    0.9488767385482788,
    0.9448416829109192,
    0.9486969113349915,
    0.9344369769096375,
    0.9308336973190308,
    0.936694324016571,
    0.9346848130226135,
    0.9429802298545837,
    0.9445087313652039,
    0.9418137073516846,
    0.9356268644332886,
    0.9397189617156982,
    0.9401962757110596
  ],
  "train_acc": [
    0.4660493827160494,
    0.4074074074074074,
    0.4660493827160494,
    0.5401234567901234,
    0.42592592592592593,
    0.5802469135802469,
    0.36419753086419754,
    0.5771604938271605,
    0.5524691358024691,
    0.6049382716049383,
    0.6635802469135802,
    0.5462962962962963,
    0.6728395061728395,
    0.6512345679012346,
    0.7283950617283951,
    0.6851851851851852,
    0.5833333333333334,
    0.7592592592592593,
    0.6759259259259259,
    0.5895061728395061,
    0.7129629629629629,
    0.6851851851851852,
    0.7314814814814815,
    0.6604938271604939,
    0.7067901234567902,
    0.7469135802469136,
    0.6790123456790124,
    0.7561728395061729,
    0.7407407407407407,
    0.8148148148148148,
    0.7253086419753086,
    0.8055555555555556,
    0.8240740740740741,
    0.7932098765432098,
    0.8271604938271605,
    0.8055555555555556,
    0.8055555555555556,
    0.8117283950617284,
    0.7901234567901234,
    0.8333333333333334,
    0.8333333333333334,
    0.8240740740740741,
    0.8302469135802469,
    0.8117283950617284,
    0.8425925925925926,
    0.8364197530864198,
    0.8271604938271605,
    0.8395061728395061,
    0.8302469135802469,
    0.8549382716049383,
    0.8395061728395061,
    0.8425925925925926,
    0.8364197530864198,
    0.8240740740740741,
    0.8179012345679012,
    0.8302469135802469,
    0.8364197530864198,
    0.8549382716049383,
    0.8549382716049383,
    0.808641975308642,
    0.8425925925925926,
    0.8364197530864198,
    0.8148148148148148,
    0.8641975308641975,
    0.8425925925925926,
    0.8518518518518519,
    0.8641975308641975,
    0.8703703703703703,
    0.8487654320987654,
    0.8364197530864198,
    0.8487654320987654,
    0.8734567901234568
  ],
  "val_acc": [
    0.7297297297297297,
    0.7837837837837838,
    0.6216216216216216,
    0.7567567567567568,
    0.7837837837837838,
    0.21621621621621623,
    0.7027027027027027,
    0.7567567567567568,
    0.7837837837837838,
    0.7837837837837838,
    0.4594594594594595,
    0.7567567567567568,
    0.7567567567567568,
    0.7567567567567568,
    0.7297297297297297,
    0.7567567567567568,
    0.7567567567567568,
    0.7567567567567568,
    0.7837837837837838,
    0.8378378378378378,
    0.8648648648648649,
    0.8108108108108109,
    0.8378378378378378,
    0.7567567567567568,
    0.7567567567567568,
    0.7567567567567568,
    0.8378378378378378,
    0.7837837837837838,
    0.8108108108108109,
    0.7297297297297297,
    0.7837837837837838,
    0.7837837837837838,
    0.7297297297297297,
    0.7837837837837838,
    0.7837837837837838,
    0.7297297297297297,
    0.8108108108108109,
    0.7567567567567568,
    0.8378378378378378,
    0.8108108108108109,
    0.7567567567567568,
    0.8378378378378378,
    0.8108108108108109,
    0.8108108108108109,
    0.8108108108108109,
    0.8378378378378378,
    0.7837837837837838,
    0.8108108108108109,
    0.8108108108108109,
    0.8108108108108109,
    0.8108108108108109,
    0.8108108108108109,
    0.8108108108108109,
    0.8108108108108109,
    0.8108108108108109,
    0.8108108108108109,
    0.8108108108108109,
    0.8108108108108109,
    0.8108108108108109,
    0.8108108108108109,
    0.8108108108108109,
    0.8108108108108109,
    0.8108108108108109,
    0.8108108108108109,
    0.8108108108108109,
    0.8108108108108109,
    0.8108108108108109,
    0.8108108108108109,
    0.8108108108108109,
    0.8108108108108109,
    0.8108108108108109,
    0.8108108108108109
  ],