{
  "train_loss": [
    8.965053478876749,
    5.9313251574834185,
    3.637627204259237,
    2.481375992298126,
    2.7067877650260925,
    1.8426094055175781,
    1.0576218167940776,
    0.9292283753554026,
    0.8089880297581354,
    1.0716452300548553,
    0.7700297733147939,
    0.8337784856557846,
    0.6004653126001358,
    0.6950376828511556,
    0.5701008786757787,
    0.5583089726666609,
    0.47746608654658,
    0.3269544541835785,
    0.4229332034786542,
    0.28055620814363164,
    0.9355147480964661,
    0.39231692254543304,
    0.30186888575553894,
    0.2516445798488955,
    0.1901578220228354,
    0.5814570412039757,
    0.28981861596306163,
    0.23274976015090942,
    0.3626866303384304,
    0.18434158712625504,
    0.13405854099740586,
    0.1328638382256031,
    0.17416317388415337,
    0.12617775370987752,
    0.23551843563715616,
    0.11068067327141762,
    0.09414465391697983,
    0.10065146783987682,
    0.1726230438798666,
    0.14075385810186467,
    0.06992056329424183,
    0.17443126490494856,
    0.10155185808738072,
    0.047767681166684874,
    0.24044720828533173,
    0.04717250750400126,
    0.05633220753710096,
    0.10296160106857617,
    0.020326509334457416,
    0.08146775234490633,
    0.048959342268062755,
    0.22420956939458847,
    0.022247919269527,
    0.09013390292723973,
    0.044148379315932594,
    0.022079403507329214,
    0.009627097480309507,
    0.019738388694046687,
    0.014137995856193205,
    0.013080998595493535,
    0.01213565435318742,
    0.006251475017052144,
    0.0037652485577079156,
    0.022979454292605322,
    0.005040424720694621,
    0.008862733404384926,
    0.004407649651208582,
    0.00549865764817999,
    0.026576972188195214,
    0.002929929527454078,
    0.006180740831041476,
    0.10447048941083874,
    0.0025021482967228317,
    0.005273201425249378,
    0.002368705281696748,
    0.011728375412834188,
    0.002366581977791308,
    0.029139786754967645,
    0.0844364287913777,
    0.00452349433908239,
    0.03978062921669334,
    0.002014512410369207,
    0.004420867480803281,
    0.001662238712621426,
    0.0050832923540535075,
    0.0015278825449058786,
    0.0033707856386702892,
    0.011224531976040453,
    0.00805223391216714,
    0.009736156624664241,
    0.04447710754660269,
    0.005641991680022329,
    0.004185296177941685,
    0.0022386444761650637,
    0.002375817129044814,
    0.0075896583730354905
  ],
  "val_loss": [
    1.0908119678497314,
    1.0631747245788574,
    1.0052286386489868,
    0.9836886525154114,
    0.9204550385475159,
    0.8603502511978149,
    0.8562713861465454,
    0.7620071768760681,
    0.7672862410545349,
    0.8572611808776855,
    0.9180916547775269,
    0.9063210487365723,
    0.6224361658096313,
    0.7577933073043823,
    0.5933440327644348,
    0.7614345550537109,
    0.7291954755783081,
    0.7746172547340393,
    0.6697213649749756,
    0.6455225944519043,
    1.0580862760543823,
    0.7177081108093262,
    0.8581333756446838,
    0.5851092338562012,
    0.73436039686203,
    0.6064461469650269,
    0.6416613459587097,
    0.5389622449874878,
    0.5410765409469604,
    0.5331249237060547,
    0.6255314350128174,
    0.554810106754303,
    0.4424600303173065,
    0.6108075976371765,
    0.7167534232139587,
    0.5985159277915955,
    0.6696565747261047,
    0.5832793116569519,
    0.4412798285484314,
    0.47650426626205444,
    0.5001005530357361,
    0.6996903419494629,
    0.5647193789482117,
    0.4692157208919525,
    0.8246614336967468,
    0.4068073332309723,
    0.6533963084220886,
    0.6060280203819275,
    0.48007404804229736,
    0.4382666349411011,
    0.8186762928962708,
    0.7546138763427734,
    0.6090087890625,
    0.6006574630737305,
    0.5859427452087402,
    0.608597993850708,
    0.5361496210098267,
    0.4250195324420929,
    0.5003569722175598,
    0.5475785136222839,
    0.5214411020278931,
    0.5098801851272583,
    0.548755407333374,
    0.6755641102790833,
    0.6600603461265564,
    0.63458651304245,
    0.5826191902160645,
    0.579214870929718,
    0.5718626976013184,
    0.5599802136421204,
    0.5513811111450195,
    0.5522869825363159,
    0.5605524182319641,
    0.5564283728599548,
    0.5487188696861267,
    0.5507776141166687,
    0.5486295819282532,
    0.560174286365509,
    0.550590455532074,
    0.5899571180343628,
    0.5548200607299805,
    0.5659380555152893,
    0.5645065307617188,
    0.5601511597633362,
    0.5659301280975342,
    0.559268593788147,
    0.5729758739471436,
    0.556810200214386,
    0.5544096231460571,
    0.5465575456619263,
    0.5326035022735596,
    0.513065755367279,
    0.5342934727668762,
    0.5417444109916687,
    0.5491188168525696,
    0.5325024127960205
  ],
  "train_acc": [
    0.36419753086419754,
    0.2932098765432099,
    0.46296296296296297,
    0.4567901234567901,
    0.48148148148148145,
    0.5061728395061729,
    0.6141975308641975,
    0.6604938271604939,
    0.6820987654320988,
    0.6975308641975309,
    0.7314814814814815,
    0.7253086419753086,
    0.7438271604938271,
    0.6975308641975309,
    0.7901234567901234,
    0.7623456790123457,
    0.8364197530864198,
    0.8580246913580247,
    0.8518518518518519,
    0.8395061728395061,
    0.7993827160493827,
    0.8518518518518519,
    0.9074074074074074,
    0.8888888888888888,
    0.9537037037037037,
    0.8641975308641975,
    0.9104938271604939,
    0.9228395061728395,
    0.9382716049382716,
    0.941358024691358,
    0.941358024691358,
    0.9506172839506173,
    0.9197530864197531,
    0.9506172839506173,
    0.941358024691358,
    0.9475308641975309,
    0.9660493827160493,
    0.9567901234567902,
    0.9290123456790124,
    0.9506172839506173,
    0.9660493827160493,
    0.9259259259259259,
    0.9567901234567902,
    0.9845679012345679,
    0.9660493827160493,
    0.9660493827160493,
    0.9876543209876543,
    0.9783950617283951,
    0.9969135802469136,
    0.9598765432098766,
    0.9907407407407407,
    0.9753086419753086,
    0.9969135802469136,
    0.9845679012345679,
    0.9938271604938271,
    0.9938271604938271,
    0.9907407407407407,
    0.9876543209876543,
    0.9938271604938271,
    0.9969135802469136,
    0.9876543209876543,
    1.0,
    1.0,
    1.0,
    0.9938271604938271,
    0.9938271604938271,
    1.0,
    1.0,
    0.9969135802469136,
    1.0,
    0.9969135802469136,
    0.9907407407407407,
    1.0,
    0.9969135802469136,
    1.0,
    0.9938271604938271,
    1.0,
    0.9969135802469136,
    0.9969135802469136,
    0.9969135802469136,
    0.9969135802469136,
    1.0,
    1.0,
    1.0,
    0.9969135802469136,
    1.0,
    0.9969135802469136,
    1.0,
    0.9938271604938271,
    0.9969135802469136,
    0.9969135802469136,
    0.9938271604938271,
    0.9969135802469136,
    1.0,
    1.0,
    1.0
  ],