{
  "accuracy": 0.7323943661971831,
  "precision": [
    0.8271028037383178,
    0.4742268041237113,
    0.8409090909090909
  ],
  "recall": [
    0.815668202764977,
    0.696969696969697,
    0.5138888888888888
  ],
  "f1": [
    0.8213457076566125,
    0.5644171779141104,
    0.6379310344827587
  ],
  "confusion_matrix": [
    [
      177,
      33,
      7
    ],
    [
      20,
      46,
      0
    ],
    [
      17,
      18,
      37
    ]
  ]
}