{
  "accuracy": 0.8338028169014085,
  "precision": [
    0.9395348837209302,
    0.5754716981132075,
    0.9705882352941176
  ],
  "recall": [
    0.9308755760368663,
    0.9242424242424242,
    0.4583333333333333
  ],
  "f1": [
    0.9351851851851852,
    0.7093023255813954,
    0.6226415094339622
  ],
  "confusion_matrix": [
    [
      202,
      14,
      1
    ],
    [
      5,
      61,
      0
    ],
    [
      8,
      31,
      33
    ]
  ]
}