{
  "train_loss": [
    9.767446835835775,
    3.593570942680041,
    3.493509372075399,
    3.099464495976766,
    1.7663799027601879,
    1.6380111773808796,
    1.5306216577688854,
    0.7969052841265997,
    0.942793220281601,
    1.2223408023516338,
    0.7504308025042216,
    0.6027705917755762,
    0.5826495438814163,
    0.6128756503264109,
    0.5159372687339783,
    0.5616441965103149,
    0.4757103770971298,
    0.3861902554829915,
    0.43326833844184875,
    0.35544832795858383,
    0.4846251880129178,
    0.4504798700412114,
    0.4189956436554591,
    0.3851693856219451,
    0.6641160001357397,
    0.36254455894231796,
    0.6372699166337649,
    0.42876186966896057,
    0.2558113286892573,
    0.24852098524570465,
    0.2215469628572464,
    0.47362497945626575,
    0.3409602989753087,
    0.2626221589744091,
    0.24196800092856088,
    0.4907764072219531,
    0.20533992101748785,
    0.15051156282424927,
    0.25174302359422046,
    0.1668277569115162,
    0.10099242938061555,
    0.22319894780715308,
    0.1080679992834727,
    0.09337750325600307,
    0.23658723508318266,
    0.2690318680057923,
    0.24419648945331573,
    0.09171223019560178,
    0.17270960782965025,
    0.0797163483997186,
    0.2364252908155322,
    0.04885111221422752,
    0.4159533642232418,
    0.08035062253475189,
    0.05960261938162148,
    0.06260657570480059,
    0.042758447428544365,
    0.06793265820791324,
    0.07178676004211108,
    0.0744423287299772,
    0.04041513268991063,
    0.0604507460569342,
    0.055113548412919044,
    0.06669035088270903,
    0.046247939889629684,
    0.04064193868543953,
    0.03461340490806227,
    0.03596113249659538,
    0.04934997771245738,
    0.030001378618180752,
    0.03399863924520711,
    0.06873069455226262,
    0.030860256403684616,
    0.036327820630200826,
    0.04572295987357696,
    0.024395263540403295,
    0.027784417616203427,
    0.03340274925964574,
    0.03446863836143166,
    0.02673574226597945,
    0.134624476544559,
    0.043345689152677856,
    0.16409498173743486,
    0.021954311678806942,
    0.05115635615463058,
    0.025638128941257794,
    0.06221222598105669,
    0.025926484231604263,
    0.05709846317768097,
    0.03758857352659106,
    0.028441124130040407,
    0.02577182175203537,
    0.056093099216620125
  ],
  "val_loss": [
    1.0235475301742554,
    1.0472216606140137,
    1.02492094039917,
    0.9736443161964417,
    1.2892111539840698,
    0.8879432678222656,
    0.9800892472267151,
    0.9065844416618347,
    0.7975256443023682,
    0.8376508355140686,
    0.739912211894989,
    0.9465278387069702,
    0.835350513458252,
    1.0318084955215454,
    0.8005567789077759,
    0.59067702293396,
    0.6494328379631042,
    0.6919438242912292,
    0.5176778435707092,
    0.4888235926628113,
    0.7736107707023621,
    0.4633907079696655,
    0.5015265345573425,
    0.8230922222137451,
    0.6329658627510071,
    0.5001761317253113,
    0.5485736131668091,
    0.5472682118415833,
    0.44131219387054443,
    0.4668748378753662,
    0.6785948872566223,
    0.4609103798866272,
    0.4226856827735901,
    0.47214600443840027,
    0.6218575239181519,
    0.6020663976669312,
    0.5738691091537476,
    0.45847606658935547,
    0.4593185484409332,
    0.465810090303421,
    0.44668686389923096,
    0.4063727855682373,
    0.36928635835647583,
    0.4489244222640991,
    0.4043560326099396,
    0.37641265988349915,
    0.44335877895355225,
    0.41155314445495605,
    0.47466030716896057,
    0.4313502013683319,
    0.4447632133960724,
    0.4317014515399933,
    0.4618837535381317,
    0.4242442846298218,
    0.4683026969432831,
    0.4385780990123749,
    0.4197535812854767,
    0.4068075716495514,
    0.4059980809688568,
    0.4305558204650879,
    0.42558228969573975,
    0.43243885040283203,
    0.4399038255214691,
    0.41000860929489136,
    0.40564411878585815,
    0.410371869802475,
    0.3993893563747406,
    0.40032804012298584,
    0.3939611613750458,
    0.3947795033454895,
    0.3994881510734558,
    0.3980758488178253,
    0.39210203289985657,
    0.38936662673950195,
    0.395855575799942,
    0.39404603838920593,
    0.39292794466018677,
    0.4055984616279602,
    0.4016719460487366,
    0.3962019383907318,
    0.38112568855285645,
    0.38528117537498474,
    0.38839370012283325,
    0.392177551984787,
    0.39565786719322205,
    0.3906027674674988,
    0.39106592535972595,
    0.395503968000412,
    0.4017771780490875,
    0.39396578073501587,
    0.3934045732021332,
    0.392575204372406,
    0.40119799971580505
  ],
  "train_acc": [
    0.2962962962962963,
    0.35802469135802467,
    0.5308641975308642,
    0.3333333333333333,
    0.5,
    0.4691358024691358,
    0.5709876543209876,
    0.6419753086419753,
    0.6851851851851852,
    0.75,
    0.6697530864197531,
    0.7932098765432098,
    0.7808641975308642,
    0.7808641975308642,
    0.8055555555555556,
    0.8209876543209876,
    0.7746913580246914,
    0.8641975308641975,
    0.8364197530864198,
    0.8641975308641975,
    0.8672839506172839,
    0.8395061728395061,
    0.8364197530864198,
    0.8271604938271605,
    0.8641975308641975,
    0.8395061728395061,
    0.8765432098765432,
    0.8425925925925926,
    0.8981481481481481,
    0.8950617283950617,
    0.9012345679012346,
    0.9074074074074074,
    0.8858024691358025,
    0.8765432098765432,
    0.9197530864197531,
    0.8981481481481481,
    0.9228395061728395,
    0.9320987654320988,
    0.9351851851851852,
    0.9320987654320988,
    0.9537037037037037,
    0.9598765432098766,
    0.9475308641975309,
    0.9567901234567902,
    0.9629629629629629,
    0.9475308641975309,
    0.9660493827160493,
    0.9660493827160493,
    0.9567901234567902,
    0.9629629629629629,
    0.9722222222222222,
    0.9845679012345679,
    0.9660493827160493,
    0.9629629629629629,
    0.9783950617283951,
    0.9660493827160493,
    0.9845679012345679,
    0.9660493827160493,
    0.9722222222222222,
    0.9753086419753086,
    0.9753086419753086,
    0.9660493827160493,
    0.9783950617283951,
    0.9876543209876543,
    0.9783950617283951,
    0.9814814814814815,
    0.9814814814814815,
    0.9876543209876543,
    0.9783950617283951,
    0.9845679012345679,
    0.9845679012345679,
    0.9845679012345679,
    0.9969135802469136,
    0.9814814814814815,
    0.9814814814814815,
    0.9876543209876543,
    0.9907407407407407,
    0.9876543209876543,
    0.9845679012345679,
    0.9969135802469136,
    0.9845679012345679,
    0.9876543209876543,
    0.9845679012345679,
    0.9907407407407407,
    0.9907407407407407,
    0.9876543209876543,
    0.9907407407407407,
    0.9907407407407407,
    0.9876543209876543,
    0.9845679012345679,
    0.9907407407407407,
    0.9876543209876543,
    0.9876543209876543
  ],