{
  "accuracy": 0.7605633802816901,
  "precision": [
    0.7991266375545851,
    0.589041095890411,
    0.8301886792452831
  ],
  "recall": [
    0.8433179723502304,
    0.6515151515151515,
    0.6111111111111112
  ],
  "f1": [
    0.820627802690583,
    0.6187050359712231,
    0.704
  ],
  "confusion_matrix": [
    [
      183,
      25,
      9
    ],
    [
      23,
      43,
      0
    ],
    [
      23,
      5,
      44
    ]
  ]
}