{
  "accuracy": 0.6084507042253521,
  "precision": [
    0.8657718120805369,
    0.2974683544303797,
    0.8333333333333334
  ],
  "recall": [
    0.5944700460829493,
    0.7121212121212122,
    0.5555555555555556
  ],
  "f1": [
    0.7049180327868853,
    0.41964285714285715,
    0.6666666666666666
  ],
  "confusion_matrix": [
    [
      129,
      80,
      8
    ],
    [
      19,
      47,
      0
    ],
    [
      1,
      31,
      40
    ]
  ]
}