{
  "train_loss": [
    9.669360995292664,
    4.71806784470876,
    3.3475484053293862,
    2.206823408603668,
    1.6504777123530705,
    1.4680323402086894,
    1.7917886972427368,
    1.0723673303922017,
    1.2170210977395375,
    0.7380865116914114,
    0.8214383025964102,
    0.7510923941930135,
    0.8535540699958801,
    0.9105011820793152,
    0.7509685009717941,
    0.696616863210996,
    0.44314920405546826,
    0.6345012336969376,
    0.48064162333806354,
    0.4643467515707016,
    0.5503547539313635,
    0.38439028710126877,
    0.3461301519225041,
    0.3710915893316269,
    0.3756838118036588,
    0.3336663655936718,
    0.3242822016278903,
    0.331165112555027,
    0.4903121168414752,
    0.4014156349003315,
    0.4048145165046056,
    0.3481526772181193,
    0.24557985117038092,
    0.24345614512761435,
    0.1768616068487366,
    0.2819322484234969,
    0.304447665810585,
    0.21042284990350404,
    0.20051229496796927,
    0.2610106859356165,
    0.5395906505485376,
    0.2322316865902394,
    0.5599191387494405,
    0.10788900506061812,
    0.1173639881114165,
    0.17823994035522142,
    0.24553794289628664,
    0.1742825818558534,
    0.06833613221533597,
    0.09823824154833953,
    0.054146038057903446,
    0.19450320024043322,
    0.10636662257214387,
    0.12535461876541376,
    0.06158039074701568,
    0.21765290138622126,
    0.03698676308946839,
    0.03767803388958176,
    0.04206886996204654,
    0.02645626170851756,
    0.030964138607184093,
    0.026447720238744903,
    0.0411943601599584,
    0.020741460437420756,
    0.046643806233381234,
    0.01555649247408534,
    0.2593151692999527,
    0.00921648422566553,
    0.010648460112861358,
    0.0524244267338266,
    0.1251208894730856,
    0.010882193746510893,
    0.007738324774739643,
    0.01706767041468993,
    0.013498585826406876,
    0.07186510254784177,
    0.008568469939442972,
    0.036426012947534524,
    0.00858156965841772,
    0.011502328406398496,
    0.005689861786474164,
    0.0065016683365684,
    0.02574479750668009,
    0.12923722644336522,
    0.005886248162520739,
    0.00833329550611476,
    0.005247995713337635,
    0.034937870843956866,
    0.0073220208287239075,
    0.016088048228994012,
    0.05943921495539447
  ],
  "val_loss": [
    1.0630669593811035,
    1.0817134380340576,
    1.1300902366638184,
    1.0326242446899414,
    0.8725603818893433,
    0.8693997263908386,
    0.8253429532051086,
    0.7911075949668884,
    0.8942840099334717,
    0.7755309343338013,
    0.7629595398902893,
    0.7619751691818237,
    0.7756427526473999,
    0.7274267077445984,
    0.961929440498352,
    0.6570613384246826,
    0.8870867490768433,
    0.9101508855819702,
    0.7302495241165161,
    0.6432955861091614,
    0.7625007033348083,
    0.9423416256904602,
    0.6752281188964844,
    0.5967554450035095,
    0.6545841693878174,
    0.5759576559066772,
    0.8130926489830017,
    0.7444878220558167,
    0.6327561140060425,
    0.8060432076454163,
    0.7428327202796936,
    0.5012889504432678,
    0.815030574798584,
    0.5119509100914001,
    0.6293560266494751,
    0.4738847613334656,
    0.5589925646781921,
    0.7537800669670105,
    0.44495829939842224,
    0.7830314040184021,
    0.41945376992225647,
    0.7966018915176392,
    0.5479755401611328,
    0.8968937397003174,
    0.6799529790878296,
    0.5913392305374146,
    0.8316602110862732,
    0.6123173832893372,
    0.6295676827430725,
    0.6358884572982788,
    0.6930330395698547,
    0.5971144437789917,
    0.5786799788475037,
    0.630725622177124,
    0.7101293206214905,
    0.6169187426567078,
    0.6254220008850098,
    0.6229184865951538,
    0.6323835253715515,
    0.6139694452285767,
    0.6086752414703369,
    0.6024705171585083,
    0.6422110795974731,
    0.6189088821411133,
    0.6135361790657043,
    0.5893212556838989,
    0.5461239814758301,
    0.5317834615707397,
    0.5675731897354126,
    0.5488330125808716,
    0.5509781837463379,
    0.5942654013633728,
    0.6134541034698486,
    0.6141929030418396,
    0.6163497567176819,
    0.5810603499412537,
    0.5925964713096619,
    0.5978858470916748,
    0.5992202758789062,
    0.5993668437004089,
    0.6123103499412537,
    0.5799460411071777,
    0.5588802099227905,
    0.5803242921829224,
    0.5928971171379089,
    0.5873875021934509,
    0.5850144624710083,
    0.588861346244812,
    0.6180970072746277,
    0.6111878156661987,
    0.6227301955223083
  ],
  "train_acc": [
    0.31790123456790126,
    0.39814814814814814,
    0.5185185185185185,
    0.4660493827160494,
    0.5679012345679012,
    0.5493827160493827,
    0.49691358024691357,
    0.6203703703703703,
    0.6419753086419753,
    0.6790123456790124,
    0.6882716049382716,
    0.6697530864197531,
    0.7376543209876543,
    0.6327160493827161,
    0.7376543209876543,
    0.7407407407407407,
    0.8209876543209876,
    0.7932098765432098,
    0.8148148148148148,
    0.845679012345679,
    0.845679012345679,
    0.8580246913580247,
    0.8333333333333334,
    0.8487654320987654,
    0.8703703703703703,
    0.8734567901234568,
    0.8518518518518519,
    0.8611111111111112,
    0.8858024691358025,
    0.8148148148148148,
    0.8549382716049383,
    0.8641975308641975,
    0.904320987654321,
    0.8888888888888888,
    0.9166666666666666,
    0.9074074074074074,
    0.9166666666666666,
    0.9259259259259259,
    0.8796296296296297,
    0.9197530864197531,
    0.8549382716049383,
    0.9320987654320988,
    0.9166666666666666,
    0.9691358024691358,
    0.9290123456790124,
    0.9537037037037037,
    0.9259259259259259,
    0.9074074074074074,
    0.9722222222222222,
    0.9382716049382716,
    0.9814814814814815,
    0.9598765432098766,
    0.9845679012345679,
    0.9691358024691358,
    0.9722222222222222,
    0.9783950617283951,
    0.9876543209876543,
    0.9845679012345679,
    0.9938271604938271,
    0.9845679012345679,
    0.9876543209876543,
    0.9907407407407407,
    0.9845679012345679,
    0.9938271604938271,
    0.9814814814814815,
    0.9938271604938271,
    0.9938271604938271,
    0.9969135802469136,
    0.9907407407407407,
    0.9907407407407407,
    1.0,
    0.9938271604938271,
    0.9969135802469136,
    0.9938271604938271,
    0.9938271604938271,
    0.9938271604938271,
    0.9969135802469136,
    0.9907407407407407,
    0.9938271604938271,
    0.9969135802469136,
    1.0,
    0.9938271604938271,
    0.9938271604938271,
    0.9938271604938271,
    1.0,
    0.9969135802469136,
    0.9969135802469136,
    0.9907407407407407,
    0.9969135802469136,
    0.9969135802469136,
    0.9938271604938271
  ],