{
  "train_loss": [
    13.486076434453329,
    2.9704231172800064,
    2.579278071721395,
    2.0094812909762063,
    1.395833949247996,
    1.1715469459692638,
    1.4735314349333446,
    0.7060435110082229,
    0.8764914820591608,
    0.648683582743009,
    0.9451502561569214,
    0.7234148681163788,
    0.5544590801000595,
    0.3996211340030034,
    0.6140288859605789,
    0.5283742000659307,
    0.3504781884451707,
    0.3850409785906474,
    0.4834512223800023,
    0.37337735792001087,
    0.2006363511706392,
    0.1978133792678515,
    0.18764676812376516,
    0.13167177947858968,
    0.20955626542369524,
    0.09731852172020201,
    0.10395875462563708,
    0.11594547765950362,
    0.07734498576125286,
    0.04813495231792331,
    0.0749900508671999,
    0.0458465332534009,
    0.05072074352453152,
    0.0395961101166904,
    0.03747043071780354,
    0.13561471924185753,
    0.08602709874200325,
    0.09840232696539412,
    0.055938074273096085,
    0.07313165146236618,
    0.02506766755444308,
    0.6680581718683243,
    0.014598723190526167,
    0.014546314487233758,
    0.009446983036468737,
    0.008940279056938985,
    0.016006558978309233,
    0.008742432119712854,
    0.0028295139733624333,
    0.0031452436317825536,
    0.003432347691462686,
    0.0006220151262823492,
    0.003971670031508741,
    0.0013743509092212964,
    0.002929355037243416,
    0.006671114941127598,
    0.001826962732593529,
    0.0018015127348007809,
    0.0009273520433149921,
    0.0008798911925017213,
    0.0014931566499096032,
    0.015306068162317388,
    0.0015526002874442686,
    0.0027186242514289916,
    0.00045806814402264234,
    0.0003549574230419239,
    0.0006460425114103904,
    0.002802683065359209,
    0.000463878712253063,
    0.0011642310649525218,
    0.0009579488687450066,
    0.0007579447604560604,
    0.0007244277617246553,
    0.0009203386919883391,
    0.0014773250404687133,
    0.0009267867062590085,
    0.0008449933229712769,
    0.0010988990082599532,
    0.0006990149801519389,
    0.0019156022171955556,
    0.0011403469832202973,
    0.0004341972598922439,
    0.0004651422956764388,
    0.0029660796620495,
    0.0022086201837131134,
    0.0010237927757164773
  ],
  "val_loss": [
    1.0135504007339478,
    0.8860030174255371,
    1.3321341276168823,
    1.0204991102218628,
    0.9295825362205505,
    0.7042574882507324,
    0.6439235210418701,
    0.9402568936347961,
    0.9554241299629211,
    0.47640737891197205,
    0.6334199905395508,
    0.47738680243492126,
    0.6524011492729187,
    0.7587916254997253,
    0.5963127613067627,
    0.3415200412273407,
    0.546053409576416,
    1.1542689800262451,
    1.2728822231292725,
    0.3653019666671753,
    0.38387760519981384,
    0.7724023461341858,
    0.30446261167526245,
    0.6725122928619385,
    0.4262440800666809,
    0.36877620220184326,
    0.2452627420425415,
    0.31920263171195984,
    0.35401323437690735,
    0.15074843168258667,
    0.44682544469833374,
    0.3041935861110687,
    0.2721674144268036,
    0.5216515064239502,
    0.4931863248348236,
    0.131297305226326,
    0.37969115376472473,
    0.2700820863246918,
    0.6130132079124451,
    0.20137161016464233,
    0.29947954416275024,
    0.33122754096984863,
    0.2709836959838867,
    0.3275679647922516,
    0.17455334961414337,
    0.27782103419303894,
    0.23581098020076752,
    0.22227171063423157,
    0.2064744532108307,
    0.19463638961315155,
    0.1915198117494583,
    0.17761218547821045,
    0.2018032968044281,
    0.24633434414863586,
    0.20691563189029694,
    0.20852243900299072,
    0.25762277841567993,
    0.28221753239631653,
    0.28611478209495544,
    0.2506228983402252,
    0.25942564010620117,
    0.22295118868350983,
    0.2519533336162567,
    0.23817166686058044,
    0.20693522691726685,
    0.19677487015724182,
    0.19928604364395142,
    0.19092324376106262,
    0.19177541136741638,
    0.1824949085712433,
    0.15928444266319275,
    0.15919120609760284,
    0.16250233352184296,
    0.16105715930461884,
    0.1793736070394516,
    0.1957402229309082,
    0.18514308333396912,
    0.16473355889320374,
    0.1622520536184311,
    0.17493565380573273,
    0.1795959621667862,
    0.16258811950683594,
    0.16258302330970764,
    0.14897528290748596,
    0.15122473239898682,
    0.15840627253055573
  ],
  "train_acc": [
    0.2777777777777778,
    0.48148148148148145,
    0.49382716049382713,
    0.4537037037037037,
    0.6635802469135802,
    0.6234567901234568,
    0.6419753086419753,
    0.6851851851851852,
    0.7561728395061729,
    0.7438271604938271,
    0.7469135802469136,
    0.7623456790123457,
    0.7839506172839507,
    0.8148148148148148,
    0.8179012345679012,
    0.8888888888888888,
    0.8148148148148148,
    0.8858024691358025,
    0.8858024691358025,
    0.8395061728395061,
    0.9197530864197531,
    0.941358024691358,
    0.9166666666666666,
    0.9537037037037037,
    0.9320987654320988,
    0.9753086419753086,
    0.9382716049382716,
    0.9660493827160493,
    0.9691358024691358,
    0.9783950617283951,
    0.9629629629629629,
    0.9753086419753086,
    0.9753086419753086,
    0.9845679012345679,
    0.9783950617283951,
    0.9629629629629629,
    0.9567901234567902,
    0.9783950617283951,
    0.9845679012345679,
    0.9814814814814815,
    0.9876543209876543,
    0.8950617283950617,
    0.9938271604938271,
    0.9969135802469136,
    0.9938271604938271,
    1.0,
    0.9907407407407407,
    0.9938271604938271,
    0.9969135802469136,
    1.0,
    1.0,
    1.0,
    0.9969135802469136,
    1.0,
    1.0,
    1.0,
    1.0,
    1.0,
    1.0,
    1.0,
    1.0,
    1.0,
    1.0,
    1.0,
    1.0,
    1.0,
    1.0,
    1.0,
    1.0,
    1.0,
    1.0,
    1.0,
    1.0,
    1.0,
    1.0,
    1.0,
    1.0,
    1.0,
    1.0,
    1.0,
    1.0,
    1.0,
    1.0,
    1.0,
    1.0,
    1.0
  ],
  "val_acc": [
    0.2972972972972973,
    0.5135135135135135,
    0.5945945945945946,
    0.6216216216216216,
    0.4594594594594595,
    0.7027027027027027,
    0.7837837837837838,
    0.5945945945945946,
    0.4864864864864865,
    0.7837837837837838,
    0.7027027027027027,
    0.8108108108108109,
    0.6486486486486487,
    0.6756756756756757,
    0.7567567567567568,
    0.8108108108108109,
    0.6756756756756757,
    0.7027027027027027,
    0.35135135135135137,
    0.8918918918918919,
    0.7837837837837838,
    0.5675675675675675,
    0.8918918918918919,
    0.7837837837837838,
    0.8108108108108109,
    0.8378378378378378,
    0.8918918918918919,
    0.8378378378378378,
    0.8648648648648649,
    0.972972972972973,
    0.7297297297297297,
    0.8918918918918919,
    0.9459459459459459,
    0.7837837837837838,
    0.8378378378378378,
    0.918918918918919,
    0.8648648648648649,
    0.8378378378378378,
    0.8108108108108109,
    0.8918918918918919,
    0.918918918918919,
    0.8108108108108109,
    0.8378378378378378,
    0.8108108108108109,
    0.918918918918919,
    0.8648648648648649,
    0.8918918918918919,
    0.8918918918918919,
    0.8918918918918919,
    0.8918918918918919,
    0.9459459459459459,
    0.9459459459459459,
    0.918918918918919,
    0.918918918918919,
    0.918918918918919,
    0.8918918918918919,
    0.8918918918918919,
    0.8918918918918919,
    0.8918918918918919,
    0.8918918918918919,
    0.8918918918918919,
    0.8918918918918919,
    0.8918918918918919,
    0.8918918918918919,
    0.918918918918919,
    0.918918918918919,
    0.8918918918918919,
    0.8918918918918919,
    0.8918918918918919,
    0.918918918918919,
    0.918918918918919,
    0.918918918918919,
    0.918918918918919,
    0.918918918918919,
    0.918918918918919,
    0.918918918918919,
    0.918918918918919,
    0.918918918918919,
    0.918918918918919,
    0.918918918918919,
    0.918918918918919,
    0.918918918918919,
    0.918918918918919,
    0.918918918918919,
    0.918918918918919,
    0.918918918918919
  ],