{
  "train_loss": [
    1.0025288760662079,
    1.0135396122932434,
    0.9542430142561594,
    0.7917297780513763,
    0.7619763116041819,
    0.7132969895998637,
    0.8084332098563513,
    0.8255720138549805,
    0.5805040895938873,
    0.673707107702891,
    0.5227765689293543,
    0.5772096316019694,
    0.572321300705274,
    0.4872697591781616,
    0.5878811875979105,
    0.42265628029902774,
    0.4120694746573766,
    0.5011903643608093,
    0.48274578154087067,
    0.4259851922591527,
    0.3302651221553485,
    0.4193726380666097,
    0.38156888882319134,
    0.4248224099477132,
    0.42988887429237366,
    0.30241132775942486,
    0.4257001727819443,
    0.39428333441416424,
    0.3004625315467517,
    0.35083041340112686,
    0.34102298816045123,
    0.3587242191036542,
    0.29391886790593463,
    0.23632513110836348,
    0.26911140978336334,
    0.28704342742760974,
    0.2783067474762599,
    0.5011293441057205,
    0.22652163604895273,
    0.3739476948976517,
    0.2780817523598671,
    0.4732515017191569,
    0.34182756145795185,
    0.28361977140108746,
    0.27967367321252823,
    0.2752172773083051,
    0.5102585926651955,
    0.32436204701662064,
    0.37025924026966095,
    0.3115556438763936,
    0.26562390228112537,
    0.25289099911848706,
    0.3355979596575101,
    0.22263848160703978
  ],
  "val_loss": [
    1.0654464960098267,
    1.1014702320098877,
    1.0664687156677246,
    1.0591800212860107,
    1.1588140726089478,
    1.2231436967849731,
    1.1092787981033325,
    1.091778039932251,
    1.132948398590088,
    1.392552137374878,
    1.4352794885635376,
    1.4491990804672241,
    1.2693116664886475,
    1.551126480102539,
    1.4425773620605469,
    1.8011813163757324,
    1.5592067241668701,
    1.615460753440857,
    1.8182599544525146,
    1.4371870756149292,
    1.466853380203247,
    1.789666771888733,
    1.779413104057312,
    1.721805214881897,
    1.5807334184646606,
    1.7696260213851929,
    1.6892180442810059,
    1.6161315441131592,
    1.6225764751434326,
    1.6160001754760742,
    1.7179410457611084,
    1.7362703084945679,
    1.7911275625228882,
    1.752787709236145,
    1.8047689199447632,
    1.9169745445251465,
    1.8595222234725952,
    1.9346675872802734,
    1.9187557697296143,
    1.8989466428756714,
    1.8573453426361084,
    1.8837006092071533,
    1.8619413375854492,
    1.8690518140792847,
    1.853060007095337,
    1.8680987358093262,
    1.8797392845153809,
    1.947088360786438,
    1.9336464405059814,
    1.8626834154129028,
    1.8862006664276123,
    1.8661445379257202,
    1.8978650569915771,
    1.8475910425186157
  ],
  "train_acc": [
    0.4537037037037037,
    0.7129629629629629,
    0.5370370370370371,
    0.5740740740740741,
    0.6851851851851852,
    0.6141975308641975,
    0.6327160493827161,
    0.6574074074074074,
    0.6234567901234568,
    0.6697530864197531,
    0.7037037037037037,
    0.7098765432098766,
    0.7222222222222222,
    0.7314814814814815,
    0.7561728395061729,
    0.7808641975308642,
    0.7993827160493827,
    0.7870370370370371,
    0.8024691358024691,
    0.8117283950617284,
    0.8395061728395061,
    0.808641975308642,
    0.8425925925925926,
    0.8549382716049383,
    0.8148148148148148,
    0.8703703703703703,
    0.8425925925925926,
    0.8734567901234568,
    0.8611111111111112,
    0.8425925925925926,
    0.8487654320987654,
    0.8549382716049383,
    0.8765432098765432,
    0.8858024691358025,
    0.8734567901234568,
    0.8703703703703703,
    0.8518518518518519,
    0.8734567901234568,
    0.8950617283950617,
    0.8827160493827161,
    0.8827160493827161,
    0.8611111111111112,
    0.8641975308641975,
    0.8672839506172839,
    0.845679012345679,
    0.8919753086419753,
    0.8827160493827161,
    0.8888888888888888,
    0.8919753086419753,
    0.8827160493827161,
    0.8981481481481481,
    0.8796296296296297,
    0.8734567901234568,
    0.9228395061728395
  ],
  "val_acc": [
    0.7027027027027027,
    0.7297297297297297,
    0.6216216216216216,
    0.7297297297297297,
    0.6486486486486487,
    0.5945945945945946,
    0.7297297297297297,
    0.6486486486486487,
    0.7027027027027027,
    0.5675675675675675,
    0.5135135135135135,
    0.5675675675675675,
    0.6486486486486487,
    0.6216216216216216,
    0.6756756756756757,
    0.6486486486486487,
    0.7297297297297297,
    0.6486486486486487,
    0.6756756756756757,
    0.6756756756756757,
    0.6486486486486487,
    0.5135135135135135,
    0.5945945945945946,
    0.6486486486486487,
    0.6756756756756757,
    0.6756756756756757,
    0.6486486486486487,
    0.6216216216216216,
    0.6756756756756757,
    0.6756756756756757,
    0.7027027027027027,
    0.7027027027027027,
    0.7027027027027027,
    0.7027027027027027,
    0.7027027027027027,
    0.7027027027027027,
    0.7027027027027027,
    0.7027027027027027,
    0.7027027027027027,
    0.7027027027027027,
    0.7027027027027027,
    0.7027027027027027,
    0.7027027027027027,
    0.7027027027027027,
    0.7027027027027027,
    0.7027027027027027,
    0.7027027027027027,
    0.7027027027027027,
    0.7027027027027027,
    0.7027027027027027,
    0.7027027027027027,
    0.7027027027027027,
    0.7027027027027027,
    0.7027027027027027
  ],
  "lr": [
    0.0005,
    0.0005,
    0.0005,
    0.0005,
    0.0005,
    0.0005,
    0.0005,
    0.0005,
    0.0005,
    0.00025,
    0.00025,
    0.00025,
    0.00025,
    0.00025,
    0.00025,
    0.000125,
    0.000125,
    0.000125,
    0.000125,
    0.000125,
    0.000125,
    6.25e-05,
    6.25e-05,
    6.25e-05,
    6.25e-05,
    6.25e-05,
    6.25e-05,
    3.125e-05,
    3.125e-05,
    3.125e-05,
    3.125e-05,
    3.125e-05,
    3.125e-05,
    1.5625e-05,
    1.5625e-05,
    1.5625e-05,
    1.5625e-05,
    1.5625e-05,
    1.5625e-05,
    7.8125e-06,
    7.8125e-06,
    7.8125e-06,
    7.8125e-06,
    7.8125e-06,
    7.8125e-06,
    3.90625e-06,
    3.90625e-06,
    3.90625e-06,
    3.90625e-06,
    3.90625e-06,
    3.90625e-06,
    1.953125e-06,
    1.953125e-06,
    1.953125e-06
  ]
}