{
  "accuracy": 0.6591549295774648,
  "precision": [
    0.6747404844290658,
    0.375,
    0.9230769230769231
  ],
  "recall": [
    0.8986175115207373,
    0.22727272727272727,
    0.3333333333333333
  ],
  "f1": [
    0.7707509881422925,
    0.2830188679245283,
    0.4897959183673469
  ],
  "confusion_matrix": [
    [
      195,
      20,
      2
    ],
    [
      51,
      15,
      0
    ],
    [
      43,
      5,
      24
    ]
  ]
}