{
  "accuracy": 0.8169014084507042,
  "precision": [
    0.9682539682539683,
    0.543859649122807,
    0.8653846153846154
  ],
  "recall": [
    0.8433179723502304,
    0.9393939393939394,
    0.625
  ],
  "f1": [
    0.9014778325123153,
    0.6888888888888889,
    0.7258064516129032
  ],
  "roc_auc": 0.9654397226895135,
  "confusion_matrix": [
    [
      183,
      28,
      6
    ],
    [
      3,
      62,
      1
    ],
    [
      3,
      24,
      45
    ]
  ]
}