{
  "accuracy": 0.6985915492957746,
  "precision": [
    0.786046511627907,
    0.40476190476190477,
    0.8035714285714286
  ],
  "recall": [
    0.7788018433179723,
    0.5151515151515151,
    0.625
  ],
  "f1": [
    0.7824074074074074,
    0.4533333333333333,
    0.703125
  ],
  "confusion_matrix": [
    [
      169,
      38,
      10
    ],
    [
      31,
      34,
      1
    ],
    [
      15,
      12,
      45
    ]
  ]
}