{
  "accuracy": 0.8140845070422535,
  "precision": [
    0.9576719576719577,
    0.5446428571428571,
    0.8703703703703703
  ],
  "recall": [
    0.8341013824884793,
    0.9242424242424242,
    0.6527777777777778
  ],
  "f1": [
    0.8916256157635468,
    0.6853932584269663,
    0.746031746031746
  ],
  "roc_auc": 0.9622805566598398,
  "confusion_matrix": [
    [
      181,
      31,
      5
    ],
    [
      3,
      61,
      2
    ],
    [
      5,
      20,
      47
    ]
  ]
}