{
  "train_loss": [
    12.05177215921382,
    3.336534241835276,
    1.4416772723197937,
    1.3778882126013439,
    2.141258418560028,
    1.3722697496414185,
    1.8805475731690724,
    1.5907085537910461,
    0.7408416916926702,
    1.327340652545293,
    0.7013851503531138,
    0.5180128216743469,
    0.6106436202923456,
    0.5009086032708486,
    0.4075143610437711,
    0.49884259204069775,
    0.2624000719903658,
    0.5227216084798177,
    0.3961535443862279,
    0.6828721761703491,
    0.23318255444367728,
    0.23798178120826682,
    0.42302296807368595,
    0.218830739458402,
    0.23181076472004256,
    0.30064674218495685,
    0.3771357188622157,
    0.42970825855930644,
    0.2314936692516009,
    0.15924037620425224,
    0.09183994839744021,
    0.07935193946953707,
    0.23474246015151343,
    0.17281470820307732,
    0.12351949497436483,
    0.044522535211096205,
    0.0560043016448617,
    0.11571881019820769,
    0.031013408520569403,
    0.07900581322610378,
    0.013594654854387045,
    0.05511158239096403,
    0.316388588398695,
    0.013721514638746157,
    0.012692626798525453,
    0.010332004671605924,
    0.007060288138745818,
    0.004022039196570404,
    0.00171007954243881,
    0.013129189959727228,
    0.0031319162793200426,
    0.0030855203076498583,
    0.06464401596652654,
    0.004223148716846481,
    0.0028761988505721092,
    0.002528831362724304,
    0.0029698187366496618,
    0.0010444638514854887,
    0.0010535778031529237,
    0.022407321569820244,
    0.0060494196028836695,
    0.0027503927994985133,
    0.0017127380003027308,
    0.002928277943207528,
    0.002568056215144073,
    0.0012533590464348283,
    0.0015516112519738574,
    0.006409957830328494,
    0.0005663999860795835,
    0.0022688399524971223,
    0.0006963200818669671,
    0.0018499013403925346,
    0.0008920115918347923,
    0.0008970666203822475,
    0.0013258211523255643,
    0.0005881309237641593,
    0.0019097213448731054,
    0.002902446431107819
  ],
  "val_loss": [
    1.0200659036636353,
    0.9147466421127319,
    1.0910087823867798,
    0.9855619668960571,
    1.3619667291641235,
    0.887629508972168,
    1.5609767436981201,
    0.6938990354537964,
    1.1418911218643188,
    1.0592930316925049,
    0.728350043296814,
    0.5774317979812622,
    0.5587726831436157,
    0.6468891501426697,
    0.7895020246505737,
    0.9820771217346191,
    0.4356735050678253,
    0.7094660997390747,
    0.5568726658821106,
    0.7935685515403748,
    0.41850823163986206,
    0.4113062620162964,
    0.8563534617424011,
    0.6839008927345276,
    0.42203810811042786,
    0.4975685775279999,
    1.1353315114974976,
    0.3277019262313843,
    0.3875260055065155,
    0.5406945943832397,
    0.49910295009613037,
    0.3792545795440674,
    0.4955627918243408,
    0.5726473331451416,
    0.8569126725196838,
    0.9188411235809326,
    0.6320196390151978,
    0.47221049666404724,
    0.5733795762062073,
    0.5018885135650635,
    0.6108413934707642,
    0.6015676259994507,
    0.6765660643577576,
    0.9218981862068176,
    0.7933530807495117,
    0.6932483315467834,
    0.6908104419708252,
    0.7141996026039124,
    0.7991898655891418,
    0.73991459608078,
    0.7844929695129395,
    0.7371712923049927,
    0.7227930426597595,
    0.7073761820793152,
    0.7934554815292358,
    0.8364944458007812,
    0.864744246006012,
    0.874961793422699,
    0.8419740200042725,
    0.8233237266540527,
    0.815315306186676,
    0.8225682973861694,
    0.8245252370834351,
    0.779268741607666,
    0.7652885317802429,
    0.7558280229568481,
    0.7608015537261963,
    0.7586686611175537,
    0.816267728805542,
    0.7806148529052734,
    0.7730705738067627,
    0.7576273679733276,
    0.7623395919799805,
    0.7632892727851868,
    0.7454512715339661,
    0.791132926940918,
    0.7895036339759827,
    0.795063316822052
  ],
  "train_acc": [
    0.39814814814814814,
    0.4104938271604938,
    0.5771604938271605,
    0.5246913580246914,
    0.558641975308642,
    0.49074074074074076,
    0.691358024691358,
    0.5555555555555556,
    0.7129629629629629,
    0.7777777777777778,
    0.7407407407407407,
    0.7623456790123457,
    0.7901234567901234,
    0.8240740740740741,
    0.8549382716049383,
    0.8487654320987654,
    0.8796296296296297,
    0.8641975308641975,
    0.8765432098765432,
    0.8919753086419753,
    0.904320987654321,
    0.9197530864197531,
    0.9135802469135802,
    0.9135802469135802,
    0.9135802469135802,
    0.9104938271604939,
    0.9197530864197531,
    0.8858024691358025,
    0.8981481481481481,
    0.9475308641975309,
    0.9537037037037037,
    0.9660493827160493,
    0.9382716049382716,
    0.9660493827160493,
    0.9660493827160493,
    0.9783950617283951,
    0.9753086419753086,
    0.9475308641975309,
    0.9845679012345679,
    0.9814814814814815,
    0.9969135802469136,
    0.9753086419753086,
    0.9907407407407407,
    0.9907407407407407,
    1.0,
    0.9969135802469136,
    1.0,
    1.0,
    1.0,
    1.0,
    1.0,
    0.9969135802469136,
    0.9907407407407407,
    0.9969135802469136,
    1.0,
    1.0,
    1.0,
    1.0,
    1.0,
    0.9938271604938271,
    0.9969135802469136,
    1.0,
    1.0,
    0.9969135802469136,
    1.0,
    1.0,
    1.0,
    1.0,
    1.0,
    1.0,
    1.0,
    1.0,
    1.0,
    1.0,
    1.0,
    1.0,
    0.9969135802469136,
    1.0
  ],
  "val_acc": [
    0.7027027027027027,
    0.7567567567567568,
    0.21621621621621623,
    0.35135135135135137,
    0.16216216216216217,
    0.8108108108108109,
    0.21621621621621623,
    0.7837837837837838,
    0.35135135135135137,
    0.32432432432432434,
    0.5135135135135135,
    0.7297297297297297,
    0.7567567567567568,
    0.5945945945945946,
    0.4864864864864865,
    0.2702702702702703,
    0.8648648648648649,
    0.5405405405405406,
    0.6756756756756757,
    0.5675675675675675,
    0.7567567567567568,
    0.8378378378378378,
    0.5675675675675675,
    0.6216216216216216,
    0.8648648648648649,
    0.7567567567567568,
    0.35135135135135137,
    0.8918918918918919,
    0.8378378378378378,
    0.8648648648648649,
    0.8648648648648649,
    0.8918918918918919,
    0.8108108108108109,
    0.8378378378378378,
    0.6486486486486487,
    0.5945945945945946,
    0.7567567567567568,
    0.8648648648648649,
    0.7837837837837838,
    0.8378378378378378,
    0.8378378378378378,
    0.8648648648648649,
    0.8108108108108109,
    0.7297297297297297,
    0.7837837837837838,
    0.8648648648648649,
    0.8648648648648649,
    0.8108108108108109,
    0.7567567567567568,
    0.7567567567567568,
    0.7567567567567568,
    0.8108108108108109,
    0.8918918918918919,
    0.8648648648648649,
    0.8378378378378378,
    0.8918918918918919,
    0.8918918918918919,
    0.8918918918918919,
    0.8648648648648649,
    0.8918918918918919,
    0.8918918918918919,
    0.8918918918918919,
    0.8918918918918919,
    0.8918918918918919,
    0.8918918918918919,
    0.8378378378378378,
    0.8918918918918919,
    0.8648648648648649,
    0.8648648648648649,
    0.8648648648648649,
    0.8648648648648649,
    0.8648648648648649,
    0.8918918918918919,
    0.8918918918918919,
    0.8918918918918919,
    0.8648648648648649,
    0.8648648648648649,
    0.8648648648648649
  ],