{
  "accuracy": 0.8450704225352113,
  "precision": [
    0.9483568075117371,
    0.6019417475728155,
    0.9230769230769231
  ],
  "recall": [
    0.9308755760368663,
    0.9393939393939394,
    0.5
  ],
  "f1": [
    0.9395348837209302,
    0.7337278106508875,
    0.6486486486486487
  ],
  "confusion_matrix": [
    [
      202,
      12,
      3
    ],
    [
      4,
      62,
      0
    ],
    [
      7,
      29,
      36
    ]
  ]
}