{
  "accuracy": 0.8873239436619719,
  "precision": [
    0.9796954314720813,
    0.6703296703296703,
    0.9104477611940298
  ],
  "recall": [
    0.8894009216589862,
    0.9242424242424242,
    0.8472222222222222
  ],
  "f1": [
    0.9323671497584541,
    0.7770700636942676,
    0.8776978417266187
  ],
  "roc_auc": 0.972832920431505,
  "confusion_matrix": [
    [
      193,
      20,
      4
    ],
    [
      3,
      61,
      2
    ],
    [
      1,
      10,
      61
    ]
  ]
}