{
  "train_loss": [
    7.740450342496236,
    7.182501460115115,
    4.728446061412494,
    2.923884962995847,
    2.5547091911236444,
    1.5004410296678543,
    1.5566171010335286,
    1.3625192840894063,
    1.2254986266295116,
    1.6423232853412628,
    1.386043628056844,
    1.349958633383115,
    1.3442945778369904,
    1.3360982636610668,
    1.4028193851312,
    1.2696121335029602,
    1.2495307127634685,
    0.86902383963267,
    1.0033543308575947,
    1.5115857521692913,
    0.8422088722387949,
    0.8919784625371298,
    0.7507748852173487,
    0.6112771679957708,
    0.9002479215463003,
    0.5196157371004423,
    0.5334981133540472,
    0.7595818837483724,
    1.0267596741517384,
    0.6384036441644033,
    0.476538064579169,
    0.5498436043659846,
    0.39869046707948047,
    0.4278084685405095,
    0.3987037042776744,
    0.3603299409151077,
    0.3924135665098826,
    0.2933505102992058,
    0.30216098576784134,
    0.38280828793843585,
    0.2937036802371343,
    0.30928754558165866,
    0.35801345358292264,
    0.34426843871672946,
    0.35491226861874264,
    0.23752010116974512,
    0.21084052696824074,
    0.17180829495191574,
    0.27628766000270844,
    0.18329598506291708,
    0.24279772117733955,
    0.21401572475830713,
    0.202086441218853,
    0.3285941928625107,
    0.31208088248968124,
    0.19156485299269357,
    0.21198517456650734,
    0.18600651125113168,
    0.18639041297137737,
    0.14863981679081917,
    0.157401192933321,
    0.16425401096542677,
    0.1535066490372022,
    0.260354358702898,
    0.16054741044839224,
    0.2828756347298622,
    0.28160502513249713,
    0.20875098804632822,
    0.22715915367007256,
    0.19238434731960297,
    0.17432327941060066,
    0.2980451211333275,
    0.16774539990971485,
    0.15358562643329302,
    0.16340109519660473
  ],
  "val_loss": [
    1.551729440689087,
    1.1331467628479004,
    1.067607045173645,
    0.9116830825805664,
    1.0322856903076172,
    0.9422303438186646,
    0.9578273296356201,
    0.9249551296234131,
    1.1154602766036987,
    1.1277586221694946,
    0.9556967616081238,
    1.1546911001205444,
    0.9880505800247192,
    0.9318073391914368,
    0.9927669167518616,
    0.911271333694458,
    0.8247532248497009,
    0.8638785481452942,
    0.8593695163726807,
    0.8213232159614563,
    0.8575872778892517,
    0.8400002121925354,
    0.8110901713371277,
    0.7941170334815979,
    0.7636474370956421,
    0.8037437200546265,
    0.767829179763794,
    0.8552742004394531,
    0.8846545815467834,
    0.8292871117591858,
    0.777087926864624,
    0.804349958896637,
    0.8155096769332886,
    0.8182609677314758,
    0.8559173941612244,
    0.8622803092002869,
    0.7953345775604248,
    0.7818969488143921,
    0.8312720656394958,
    0.8650864362716675,
    0.8358268737792969,
    0.8540871143341064,
    0.8903104662895203,
    0.8978772759437561,
    0.8509117960929871,
    0.8486719727516174,
    0.8513857126235962,
    0.8484772443771362,
    0.8577086329460144,
    0.8752171993255615,
    0.8940158486366272,
    0.8781366944313049,
    0.8883836269378662,
    0.8972452282905579,
    0.8897061347961426,
    0.8881362080574036,
    0.9015393257141113,
    0.8902773261070251,
    0.929458737373352,
    0.9303281307220459,
    0.9399644732475281,
    0.9108548164367676,
    0.9394224286079407,
    0.9348248243331909,
    0.914717972278595,
    0.9233269691467285,
    0.8934118747711182,
    0.8912654519081116,
    0.9200329184532166,
    0.924532413482666,
    0.9031612873077393,
    0.8737961053848267,
    0.8912459015846252,
    0.8897374272346497,
    0.887022078037262
  ],
  "train_acc": [
    0.3117283950617284,
    0.6265432098765432,
    0.2962962962962963,
    0.7067901234567902,
    0.2993827160493827,
    0.6419753086419753,
    0.6358024691358025,
    0.595679012345679,
    0.5895061728395061,
    0.43209876543209874,
    0.4691358024691358,
    0.6728395061728395,
    0.6790123456790124,
    0.5925925925925926,
    0.4691358024691358,
    0.7253086419753086,
    0.5123456790123457,
    0.5555555555555556,
    0.7222222222222222,
    0.6635802469135802,
    0.6882716049382716,
    0.6882716049382716,
    0.6944444444444444,
    0.6944444444444444,
    0.7098765432098766,
    0.7345679012345679,
    0.7993827160493827,
    0.6944444444444444,
    0.7777777777777778,
    0.7592592592592593,
    0.7808641975308642,
    0.7376543209876543,
    0.8240740740740741,
    0.8425925925925926,
    0.8055555555555556,
    0.8333333333333334,
    0.8580246913580247,
    0.8487654320987654,
    0.8580246913580247,
    0.8796296296296297,
    0.8888888888888888,
    0.8580246913580247,
    0.8796296296296297,
    0.8672839506172839,
    0.8734567901234568,
    0.8796296296296297,
    0.9197530864197531,
    0.9197530864197531,
    0.8827160493827161,
    0.8981481481481481,
    0.904320987654321,
    0.9351851851851852,
    0.8950617283950617,
    0.8981481481481481,
    0.9074074074074074,
    0.9228395061728395,
    0.8919753086419753,
    0.904320987654321,
    0.9012345679012346,
    0.9506172839506173,
    0.9012345679012346,
    0.9228395061728395,
    0.9444444444444444,
    0.9382716049382716,
    0.9444444444444444,
    0.9166666666666666,
    0.9320987654320988,
    0.9320987654320988,
    0.9228395061728395,
    0.9166666666666666,
    0.9444444444444444,
    0.9228395061728395,
    0.9197530864197531,
    0.9320987654320988,
    0.9320987654320988
  ],
  "val_acc": [
    0.7027027027027027,
    0.16216216216216217,
    0.7837837837837838,
    0.35135135135135137,
    0.5945945945945946,
    0.7027027027027027,
    0.7837837837837838,
    0.7837837837837838,
    0.1891891891891892,
    0.21621621621621623,
    0.7837837837837838,
    0.7297297297297297,
    0.7837837837837838,
    0.6216216216216216,
    0.7297297297297297,
    0.6486486486486487,
    0.5945945945945946,
    0.7837837837837838,
    0.7837837837837838,
    0.7027027027027027,
    0.5675675675675675,
    0.5945945945945946,
    0.7567567567567568,
    0.7567567567567568,
    0.7297297297297297,
    0.7837837837837838,
    0.6486486486486487,
    0.7567567567567568,
    0.6486486486486487,
    0.6486486486486487,
    0.5945945945945946,
    0.6216216216216216,
    0.7297297297297297,
    0.5945945945945946,
    0.6756756756756757,
    0.6756756756756757,
    0.7297297297297297,
    0.7297297297297297,
    0.6216216216216216,
    0.6216216216216216,
    0.5945945945945946,
    0.6216216216216216,
    0.5945945945945946,
    0.6486486486486487,
    0.6486486486486487,
    0.6216216216216216,
    0.6486486486486487,
    0.6486486486486487,
    0.6216216216216216,
    0.6216216216216216,
    0.6486486486486487,
    0.6486486486486487,
    0.6216216216216216,
    0.6486486486486487,
    0.6756756756756757,
    0.6756756756756757,
    0.6756756756756757,
    0.6756756756756757,
    0.6756756756756757,
    0.6486486486486487,
    0.7027027027027027,
    0.7027027027027027,
    0.7027027027027027,
    0.7027027027027027,
    0.6756756756756757,
    0.6756756756756757,
    0.6756756756756757,
    0.6756756756756757,
    0.6756756756756757,
    0.6756756756756757,
    0.6756756756756757,
    0.6756756756756757,
    0.6756756756756757,
    0.6756756756756757,
    0.6756756756756757
  ],