{
  "accuracy": 0.8873239436619719,
  "precision": [
    0.9747474747474747,
    0.6781609195402298,
    0.9
  ],
  "recall": [
    0.8894009216589862,
    0.8939393939393939,
    0.875
  ],
  "f1": [
    0.9301204819277108,
    0.7712418300653595,
    0.8873239436619719
  ],
  "roc_auc": 0.9659187922782492,
  "confusion_matrix": [
    [
      193,
      20,
      4
    ],
    [
      4,
      59,
      3
    ],
    [
      1,
      8,
      63
    ]
  ]
}