{
  "accuracy": 0.8788732394366198,
  "roc_auc": 0.9752817757404887,
  "precision": [
    0.9695431472081218,
    0.6703296703296703,
    0.8955223880597015
  ],
  "recall": [
    0.880184331797235,
    0.9242424242424242,
    0.8333333333333334
  ],
  "f1": [
    0.9227053140096618,
    0.7770700636942676,
    0.8633093525179856
  ],
  "confusion_matrix": [
    [
      191,
      20,
      6
    ],
    [
      4,
      61,
      1
    ],
    [
      2,
      10,
      60
    ]
  ]
}