{
  "train_loss": [
    13.24786909421285,
    5.74541441599528,
    5.103296299775441,
    3.4109325210253396,
    1.5103501131137211,
    3.1642401814460754,
    1.4526653687159221,
    1.1277140378952026,
    0.860217402378718,
    0.8404071629047394,
    0.6675876875718435,
    0.681867241859436,
    0.7163037260373434,
    0.8983535170555115,
    0.9029121299584707,
    0.6832609176635742,
    0.43008214235305786,
    0.6786520878473917,
    0.35095156356692314,
    0.29006674389044446,
    0.276268120855093,
    0.300643486281236,
    0.32422101497650146,
    0.2415245622396469,
    0.24733808388312659,
    0.2512461667259534,
    0.1532772664601604,
    0.27763186146815616,
    0.3345790033539136,
    0.14611098356544971,
    0.270511611054341,
    0.1123086257527272,
    0.25083542118469876,
    0.11529278345794107,
    0.18304432990650335,
    0.12755518282453218,
    0.15461811050772667,
    0.0858816783875227,
    0.1600632444024086,
    0.11760353855788708,
    0.1633354021857182,
    0.06521455914480612,
    0.03764271041533599,
    0.05600526680548986,
    0.029816836429138977,
    0.041649689587454,
    0.05110282947619756,
    0.028989832460259397,
    0.02106536878272891,
    0.05611217115074396,
    0.03535610774997622,
    0.013569571931535998,
    0.023022908406953018,
    0.014804300696899494,
    0.025327084818854928,
    0.02483171612645189,
    0.010578571473160991,
    0.009559890769499665,
    0.25322348810732365,
    0.010946262232513012,
    0.049171061701296516,
    0.010519964736886322,
    0.008512040483765304,
    0.009505268950306345,
    0.016912426760730643,
    0.006161035581802328,
    0.006555101679017146,
    0.09249206721627463,
    0.009183287310103575,
    0.013063629002620777,
    0.008617004884096483,
    0.09403518498099099,
    0.011756530380807817,
    0.06325908125533412,
    0.005847827482890959,
    0.00705747267541786,
    0.018379150084607925,
    0.0077197386805589,
    0.00499084959543931,
    0.0095252605387941,
    0.010132943590482077,
    0.005279109696857631,
    0.0037831879696265482,
    0.009670848686558505,
    0.07631161614942054,
    0.008448297584739825,
    0.006650996549675862,
    0.009048727685391592
  ],
  "val_loss": [
    1.0173362493515015,
    1.1954196691513062,
    0.9459773898124695,
    1.0184303522109985,
    1.0625518560409546,
    0.8146123886108398,
    0.8130438327789307,
    0.8844971060752869,
    0.7792804837226868,
    0.727439284324646,
    0.6484410166740417,
    0.9199241399765015,
    1.3833606243133545,
    0.7392473220825195,
    0.7577648162841797,
    0.7960301637649536,
    0.8580542206764221,
    0.5662751197814941,
    0.8019839525222778,
    0.6293930411338806,
    0.553019106388092,
    0.7681612372398376,
    0.5398973226547241,
    0.7220348715782166,
    0.46447134017944336,
    0.5335047841072083,
    0.5432473421096802,
    0.4595903158187866,
    0.5468933582305908,
    0.5360767245292664,
    0.6867979168891907,
    0.5554867386817932,
    0.7223707437515259,
    0.7063321471214294,
    0.6754373908042908,
    0.5607491135597229,
    0.5115751624107361,
    0.43250611424446106,
    0.44227132201194763,
    0.5765109062194824,
    0.6356783509254456,
    0.47133758664131165,
    0.6877465844154358,
    0.6391338109970093,
    0.5169759392738342,
    0.5428511500358582,
    0.5097101330757141,
    0.4861332178115845,
    0.4504856765270233,
    0.47630196809768677,
    0.5026686191558838,
    0.5222697257995605,
    0.5113159418106079,
    0.5035930275917053,
    0.5536573529243469,
    0.5831778645515442,
    0.5190597772598267,
    0.4954603910446167,
    0.48398345708847046,
    0.4987921714782715,
    0.5014078617095947,
    0.5260990262031555,
    0.5542871952056885,
    0.5556042194366455,
    0.5534255504608154,
    0.5670793056488037,
    0.5713340640068054,
    0.5689936280250549,
    0.5687513947486877,
    0.559646487236023,
    0.5403059124946594,
    0.5142949819564819,
    0.5288880467414856,
    0.5311748385429382,
    0.5378742814064026,
    0.5458199977874756,
    0.554313600063324,
    0.5535256266593933,
    0.5410898327827454,
    0.5362500548362732,
    0.5451207160949707,
    0.5440733432769775,
    0.5361291766166687,
    0.5386101603507996,
    0.5310273766517639,
    0.5384863018989563,
    0.5474590063095093,
    0.5725062489509583
  ],
  "train_acc": [
    0.38580246913580246,
    0.37962962962962965,
    0.39814814814814814,
    0.4104938271604938,
    0.4567901234567901,
    0.5833333333333334,
    0.5308641975308642,
    0.5833333333333334,
    0.654320987654321,
    0.691358024691358,
    0.7253086419753086,
    0.7623456790123457,
    0.7716049382716049,
    0.6419753086419753,
    0.6049382716049383,
    0.7283950617283951,
    0.8179012345679012,
    0.8425925925925926,
    0.8364197530864198,
    0.8580246913580247,
    0.8703703703703703,
    0.9074074074074074,
    0.8703703703703703,
    0.9012345679012346,
    0.8827160493827161,
    0.9135802469135802,
    0.9197530864197531,
    0.9290123456790124,
    0.9228395061728395,
    0.9259259259259259,
    0.9382716049382716,
    0.9475308641975309,
    0.9351851851851852,
    0.941358024691358,
    0.9537037037037037,
    0.9475308641975309,
    0.9629629629629629,
    0.9660493827160493,
    0.9660493827160493,
    0.9567901234567902,
    0.9783950617283951,
    0.9660493827160493,
    0.9845679012345679,
    0.9691358024691358,
    0.9845679012345679,
    0.9814814814814815,
    0.9969135802469136,
    0.9876543209876543,
    0.9845679012345679,
    0.9907407407407407,
    0.9938271604938271,
    0.9907407407407407,
    0.9938271604938271,
    0.9938271604938271,
    0.9938271604938271,
    0.9907407407407407,
    0.9969135802469136,
    0.9969135802469136,
    0.9969135802469136,
    0.9969135802469136,
    0.9969135802469136,
    0.9969135802469136,
    0.9969135802469136,
    0.9938271604938271,
    1.0,
    1.0,
    0.9969135802469136,
    0.9876543209876543,
    0.9938271604938271,
    1.0,
    0.9969135802469136,
    0.9907407407407407,
    0.9938271604938271,
    0.9907407407407407,
    1.0,
    1.0,
    0.9969135802469136,
    1.0,
    1.0,
    1.0,
    0.9938271604938271,
    1.0,
    1.0,
    0.9969135802469136,
    0.9969135802469136,
    0.9969135802469136,
    1.0,
    0.9969135802469136
  ],