{
  "train_loss": [
    15.140425523122152,
    8.124959548314413,
    2.636884351571401,
    1.795804960032304,
    1.4671932297448318,
    2.905565857887268,
    1.74556960662206,
    1.3960147500038147,
    0.8030744642019272,
    0.7625372757514318,
    0.8699302872021993,
    0.5618022630612055,
    0.5335295548041662,
    1.0190922319889069,
    0.6341362446546555,
    0.5532309810320536,
    0.6810904790957769,
    0.3651668628056844,
    0.6209007079402605,
    0.44983213146527606,
    0.4286457722385724,
    0.39537835617860156,
    0.5050488834579786,
    0.4343016892671585,
    0.33574124177296955,
    0.35101094593604404,
    0.2853103925784429,
    0.23970111211140951,
    0.2760577593774845,
    0.16280801221728325,
    0.17929373184839884,
    0.2838781202832858,
    0.13252465442443886,
    0.11987605628867944,
    0.12894052329162756,
    0.12686753273010254,
    0.2130966434876124,
    0.10691179024676482,
    0.19508622276286283,
    0.10052894552548726,
    0.1038544150069356,
    0.21145753438274065,
    0.09495596804966529,
    0.08404169728358586,
    0.08411287236958742,
    0.09523664104441802,
    0.10679570523401101,
    0.11456432441870372,
    0.07161935892266531,
    0.08196828017632167,
    0.07753490299607317,
    0.08094837826987107,
    0.11685674389203389,
    0.06704638243536465,
    0.08823991178845365,
    0.06876876826087634,
    0.07904714159667492,
    0.11146575460831325,
    0.09514992932478587,
    0.06976641962925594,
    0.15022945404052734,
    0.06486145282785098,
    0.09574603661894798,
    0.11492549255490303,
    0.060395672296484314,
    0.08616714707265298,
    0.0810527882228295,
    0.06998058967292309,
    0.05821184569504112,
    0.06868033669888973,
    0.05207155800114075
  ],
  "val_loss": [
    1.049241542816162,
    1.005617380142212,
    0.9449842572212219,
    1.0147154331207275,
    1.187209129333496,
    1.0041499137878418,
    0.8913703560829163,
    0.7516647577285767,
    0.6870458126068115,
    0.7362171411514282,
    0.8612135052680969,
    0.9404600262641907,
    1.2194422483444214,
    0.6368135809898376,
    0.6551845073699951,
    0.7081073522567749,
    0.6750813126564026,
    0.8086729049682617,
    1.0519567728042603,
    1.0596038103103638,
    0.610687255859375,
    0.8394547700881958,
    0.6462017297744751,
    0.8396019339561462,
    0.6757779717445374,
    0.7186765670776367,
    0.7566989660263062,
    0.6828431487083435,
    0.6909283995628357,
    0.6774612069129944,
    0.6524446606636047,
    0.6846856474876404,
    0.7175849080085754,
    0.660056471824646,
    0.6651043891906738,
    0.6818917989730835,
    0.6198016405105591,
    0.6415706872940063,
    0.6786869764328003,
    0.6223818063735962,
    0.6306078433990479,
    0.6289849281311035,
    0.6665152311325073,
    0.6790866255760193,
    0.6768484115600586,
    0.6544942855834961,
    0.6288121342658997,
    0.6437859535217285,
    0.6445784568786621,
    0.6137958765029907,
    0.6195783615112305,
    0.6308573484420776,
    0.6356713175773621,
    0.6382655501365662,
    0.6382835507392883,
    0.6643383502960205,
    0.6663407683372498,
    0.6706488132476807,
    0.6845295429229736,
    0.6685746908187866,
    0.721869170665741,
    0.6745020747184753,
    0.6541624665260315,
    0.651550829410553,
    0.6396020650863647,
    0.6370569467544556,
    0.6595879197120667,
    0.6578892469406128,
    0.6545042395591736,
    0.656914472579956,
    0.6371649503707886
  ],
  "train_acc": [
    0.27469135802469136,
    0.4537037037037037,
    0.4876543209876543,
    0.43209876543209874,
    0.5092592592592593,
    0.595679012345679,
    0.5154320987654321,
    0.6203703703703703,
    0.7037037037037037,
    0.7037037037037037,
    0.7561728395061729,
    0.7777777777777778,
    0.7746913580246914,
    0.7345679012345679,
    0.7469135802469136,
    0.7962962962962963,
    0.8333333333333334,
    0.8148148148148148,
    0.8425925925925926,
    0.8240740740740741,
    0.8148148148148148,
    0.8827160493827161,
    0.8425925925925926,
    0.8672839506172839,
    0.8765432098765432,
    0.8641975308641975,
    0.8580246913580247,
    0.8950617283950617,
    0.8919753086419753,
    0.9166666666666666,
    0.9320987654320988,
    0.9074074074074074,
    0.9290123456790124,
    0.9444444444444444,
    0.9382716049382716,
    0.9475308641975309,
    0.9506172839506173,
    0.9537037037037037,
    0.9382716049382716,
    0.9783950617283951,
    0.9537037037037037,
    0.9475308641975309,
    0.9444444444444444,
    0.9567901234567902,
    0.9598765432098766,
    0.9753086419753086,
    0.9567901234567902,
    0.9567901234567902,
    0.9598765432098766,
    0.9660493827160493,
    0.9598765432098766,
    0.9722222222222222,
    0.9814814814814815,
    0.9598765432098766,
    0.9629629629629629,
    0.9753086419753086,
    0.9753086419753086,
    0.9629629629629629,
    0.9537037037037037,
    0.9722222222222222,
    0.9753086419753086,
    0.9691358024691358,
    0.9598765432098766,
    0.9660493827160493,
    0.9753086419753086,
    0.9691358024691358,
    0.9722222222222222,
    0.9691358024691358,
    0.9814814814814815,
    0.9722222222222222,
    0.9814814814814815
  ],
  "val_acc": [
    0.7027027027027027,
    0.7297297297297297,
    0.7297297297297297,
    0.7297297297297297,
    0.7567567567567568,
    0.5135135135135135,
    0.8378378378378378,
    0.8918918918918919,
    0.8378378378378378,
    0.6756756756756757,
    0.4594594594594595,
    0.4864864864864865,
    0.32432432432432434,
    0.7837837837837838,
    0.6756756756756757,
    0.5675675675675675,
    0.5675675675675675,
    0.6756756756756757,
    0.4864864864864865,
    0.4864864864864865,
    0.7297297297297297,
    0.6216216216216216,
    0.6216216216216216,
    0.5675675675675675,
    0.7027027027027027,
    0.7027027027027027,
    0.5945945945945946,
    0.7027027027027027,
    0.7567567567567568,
    0.7027027027027027,
    0.7027027027027027,
    0.6216216216216216,
    0.6486486486486487,
    0.6486486486486487,
    0.6756756756756757,
    0.6756756756756757,
    0.6756756756756757,
    0.6756756756756757,
    0.6486486486486487,
    0.7297297297297297,
    0.7567567567567568,
    0.7297297297297297,
    0.7027027027027027,
    0.6756756756756757,
    0.7027027027027027,
    0.7027027027027027,
    0.7297297297297297,
    0.7027027027027027,
    0.7027027027027027,
    0.7837837837837838,
    0.7567567567567568,
    0.7567567567567568,
    0.7297297297297297,
    0.7297297297297297,
    0.7297297297297297,
    0.7027027027027027,
    0.7027027027027027,
    0.7027027027027027,
    0.7027027027027027,
    0.7027027027027027,
    0.7027027027027027,
    0.7027027027027027,
    0.7027027027027027,
    0.7567567567567568,
    0.7837837837837838,
    0.7837837837837838,
    0.7027027027027027,
    0.7027027027027027,
    0.7027027027027027,
    0.7027027027027027,
    0.8108108108108109
  ],
  "lr": [
    0.0005,
    0.0005,
    0.0005,
    0.0005,
    0.0005,
    0.0005,
    0.0005,
    0.0005,
    0.0005,
    0.0005,
    0.0005,
    0.0005,
    0.0005,
    0.0005,
    0.0005,
    0.0005,
    0.0005,
    0.0005,
    0.0005,
    0.00025,
    0.00025,
    0.00025,
    0.00025,
    0.00025,
    0.00025,
    0.00025,
    0.000125,
    0.000125,
    0.000125,
    0.000125,
    0.000125,
    0.000125,
    6.25e-05,
    6.25e-05,
    6.25e-05,
    6.25e-05,
    6.25e-05,
    6.25e-05,
    3.125e-05,
    3.125e-05,
    3.125e-05,
    3.125e-05,
    3.125e-05,
    3.125e-05,
    1.5625e-05,
    1.5625e-05,
    1.5625e-05,
    1.5625e-05,
    1.5625e-05,
    1.5625e-05,
    7.8125e-06,
    7.8125e-06,
    7.8125e-06,
    7.8125e-06,
    7.8125e-06,
    7.8125e-06,
    3.90625e-06,
    3.90625e-06,
    3.90625e-06,
    3.90625e-06,
    3.90625e-06,
    3.90625e-06,
    1.953125e-06,
    1.953125e-06,
    1.953125e-06,
    1.953125e-06,
    1.953125e-06,
    1.953125e-06,
    9.765625e-07,
    9.765625e-07,
    9.765625e-07
  ]
}