{
  "accuracy": 0.8704225352112676,
  "precision": [
    0.9740932642487047,
    0.6363636363636364,
    0.9206349206349206
  ],
  "recall": [
    0.8663594470046083,
    0.9545454545454546,
    0.8055555555555556
  ],
  "f1": [
    0.9170731707317074,
    0.7636363636363637,
    0.8592592592592593
  ],
  "roc_auc": 0.9702652125185868,
  "confusion_matrix": [
    [
      188,
      25,
      4
    ],
    [
      2,
      63,
      1
    ],
    [
      3,
      11,
      58
    ]
  ]
}