{
  "accuracy": 0.7661971830985915,
  "precision": [
    0.9270833333333334,
    0.46956521739130436,
    0.8333333333333334
  ],
  "recall": [
    0.8202764976958525,
    0.8181818181818182,
    0.5555555555555556
  ],
  "f1": [
    0.8704156479217604,
    0.5966850828729282,
    0.6666666666666666
  ],
  "confusion_matrix": [
    [
      178,
      31,
      8
    ],
    [
      12,
      54,
      0
    ],
    [
      2,
      30,
      40
    ]
  ]
}