{
  "train_loss": [
    14.905853112538656,
    3.384802987178167,
    4.700746277968089,
    3.034563422203064,
    2.1992915074030557,
    2.1941279967625937,
    1.8720810910065968,
    2.032764934003353,
    1.8870798846085866,
    1.6555591821670532,
    2.4185669124126434,
    1.3993503376841545,
    1.3918427228927612,
    1.1724981764952342,
    1.5413609544436138,
    0.8717556148767471,
    0.7997467418511709,
    0.890290379524231,
    0.822218100229899,
    0.8489447931448618,
    0.9653905133406321,
    0.6698115170001984,
    1.0073200861612956,
    0.6285725583632787,
    1.2554308076699574,
    0.6673742284377416,
    0.9651555518309275,
    0.6517476091782252,
    0.8313406805197397,
    0.6052607943614324,
    0.9734643697738647,
    0.6495848198731741,
    0.7096147934595743,
    0.6016778374711672,
    0.6674370964368185,
    0.6861645976702372,
    0.6599168280760447,
    0.6122541526953379,
    0.6943704585234324,
    0.6298576941092809,
    0.6853492359320322,
    0.5634608169396719,
    0.7764639258384705,
    0.6558613777160645,
    0.5816818525393804,
    0.520964135726293,
    0.6005797137816747,
    0.5758526176214218,
    0.510034367442131,
    0.5420470337073008,
    0.4773663009206454,
    0.4500621172289054,
    0.5499269813299179,
    0.5206139832735062,
    0.6216441591580709,
    0.5446724792321523,
    0.446269894639651,
    0.5262114157279333,
    0.5263294527928034,
    0.5718124111493429,
    0.5109278510014216,
    0.492699459195137,
    0.5256884098052979,
    0.7091335505247116,
    0.5343804607788721,
    0.5787021219730377,
    0.45134077221155167,
    0.6019662817319235,
    0.5776284684737524,
    1.0225781152645748,
    0.5199177910884222,
    0.5111647322773933,
    0.4469396322965622,
    0.5158431033293406,
    0.5456258406241735,
    0.6437435150146484,
    0.6173149943351746,
    0.5120865404605865,
    0.62515822549661,
    0.529675617814064,
    0.4900975227355957,
    0.788665180404981,
    0.43469717105229694,
    0.5231542587280273,
    0.6446106731891632,
    0.5554703871409098,
    0.6824573228756586,
    0.523541102806727,
    0.45026416952411336,
    0.48083177705605823
  ],
  "val_loss": [
    1.0100711584091187,
    1.0797334909439087,
    1.255158543586731,
    1.395548939704895,
    1.4142776727676392,
    1.332667589187622,
    1.689828872680664,
    1.3289650678634644,
    2.0714433193206787,
    1.4073834419250488,
    1.7559401988983154,
    1.4134424924850464,
    1.4285762310028076,
    1.2172112464904785,
    1.2324193716049194,
    1.275913119316101,
    1.3406895399093628,
    1.3011764287948608,
    1.2650798559188843,
    1.2076408863067627,
    1.1854183673858643,
    1.0945053100585938,
    1.0889060497283936,
    1.1539801359176636,
    1.1479116678237915,
    1.1101170778274536,
    1.0986590385437012,
    1.0940831899642944,
    1.0930231809616089,
    1.0521893501281738,
    1.0301802158355713,
    1.006330966949463,
    1.003786325454712,
    1.0040748119354248,
    1.0056089162826538,
    0.9908414483070374,
    0.9928370118141174,
    0.9933263063430786,
    0.991396427154541,
    0.983171820640564,
    0.9926463961601257,
    0.9991551637649536,
    1.007162094116211,
    1.0115476846694946,
    1.0207332372665405,
    1.005631446838379,
    1.024206280708313,
    1.0365012884140015,
    1.0254701375961304,
    1.0107916593551636,
    1.0070884227752686,
    1.0039212703704834,
    1.0108916759490967,
    1.0133758783340454,
    1.0054761171340942,
    1.024717092514038,
    1.0227422714233398,
    1.0102044343948364,
    0.9977369904518127,
    1.0094091892242432,
    1.0294214487075806,
    1.018658995628357,
    1.0094813108444214,
    1.0191500186920166,
    1.013498306274414,
    1.0169240236282349,
    1.0115447044372559,
    1.0146175622940063,
    1.029180645942688,
    1.0179290771484375,
    1.0212358236312866,
    1.0212907791137695,
    1.0159357786178589,
    1.016948938369751,
    1.018858790397644,
    1.0274626016616821,
    1.0164293050765991,
    1.0030816793441772,
    1.0156952142715454,
    1.0128861665725708,
    1.0064172744750977,
    0.9959155321121216,
    1.01014244556427,
    1.0063037872314453,
    1.0018715858459473,
    1.0101178884506226,
    1.005928874015808,
    1.0143074989318848,
    1.0050420761108398,
    1.0014855861663818
  ],
  "train_acc": [
    0.3549382716049383,
    0.4506172839506173,
    0.6018518518518519,
    0.5246913580246914,
    0.5092592592592593,
    0.5123456790123457,
    0.5679012345679012,
    0.6172839506172839,
    0.4660493827160494,
    0.5987654320987654,
    0.5555555555555556,
    0.5524691358024691,
    0.6481481481481481,
    0.595679012345679,
    0.5648148148148148,
    0.6790123456790124,
    0.7129629629629629,
    0.7098765432098766,
    0.6975308641975309,
    0.6790123456790124,
    0.6419753086419753,
    0.6697530864197531,
    0.691358024691358,
    0.6975308641975309,
    0.7345679012345679,
    0.7253086419753086,
    0.6388888888888888,
    0.6882716049382716,
    0.7098765432098766,
    0.7654320987654321,
    0.6851851851851852,
    0.7098765432098766,
    0.7407407407407407,
    0.7407407407407407,
    0.7222222222222222,
    0.7098765432098766,
    0.7345679012345679,
    0.7654320987654321,
    0.7561728395061729,
    0.7530864197530864,
    0.7345679012345679,
    0.7654320987654321,
    0.7561728395061729,
    0.7623456790123457,
    0.7901234567901234,
    0.7962962962962963,
    0.7932098765432098,
    0.7592592592592593,
    0.7746913580246914,
    0.7469135802469136,
    0.7685185185185185,
    0.7839506172839507,
    0.7716049382716049,
    0.7561728395061729,
    0.7716049382716049,
    0.7839506172839507,
    0.7685185185185185,
    0.7993827160493827,
    0.7716049382716049,
    0.7870370370370371,
    0.7962962962962963,
    0.7777777777777778,
    0.7777777777777778,
    0.7654320987654321,
    0.7870370370370371,
    0.7746913580246914,
    0.8117283950617284,
    0.7716049382716049,
    0.7870370370370371,
    0.7808641975308642,
    0.7901234567901234,
    0.7808641975308642,
    0.7839506172839507,
    0.7839506172839507,
    0.7839506172839507,
    0.7777777777777778,
    0.7623456790123457,
    0.7623456790123457,
    0.7345679012345679,
    0.7623456790123457,
    0.7808641975308642,
    0.7716049382716049,
    0.7870370370370371,
    0.7870370370370371,
    0.7870370370370371,
    0.7901234567901234,
    0.7777777777777778,
    0.7716049382716049,
    0.808641975308642,
    0.7808641975308642
  ],