{
  "train_loss": [
    24.130359172821045,
    3.0377232233683267,
    3.6163031657536826,
    2.1604027152061462,
    1.691613346338272,
    1.3201585114002228,
    2.2498870293299356,
    1.5725239713986714,
    1.3879286746184032,
    1.804964303970337,
    1.3320216238498688,
    1.0539914170900981,
    1.029557317495346,
    0.9621297717094421,
    0.8753930876652399,
    0.9811179041862488,
    0.8217302163441976,
    0.8759514888127645,
    0.8792594273885092,
    0.7937991221745809,
    0.9276860157648722,
    0.8307111449539661,
    0.8065632979075114,
    0.7137424548467001,
    0.6311500469843546,
    0.7382632891337076,
    0.5042922720313072,
    0.6329148759444555,
    0.6093237598737081,
    0.6000080853700638,
    0.5816797465085983,
    0.5197221537431082,
    0.9049264142910639,
    0.729637215534846,
    0.6196383833885193,
    0.4318166946371396,
    0.6330306977033615,
    0.5062537242968878,
    0.5469198425610861,
    0.602716197570165,
    0.6127875198920568,
    0.642512450615565,
    0.4954155037800471,
    0.5570157368977865,
    0.5056088666121165,
    0.5786116123199463,
    0.4530133505662282,
    0.5360716829697291,
    0.4235943928360939,
    0.443147877852122,
    0.41165321071942645,
    0.42740723490715027,
    0.46546467393636703,
    0.5415276338656744,
    0.37588393191496533,
    0.40747155994176865,
    0.45968229075272876,
    0.4059195766846339,
    0.4533608903487523,
    0.5031530956427256,
    0.4034380838274956,
    0.43861272434393567,
    0.4064275622367859,
    0.5423419972260793,
    0.49464717507362366,
    0.4343779931465785,
    0.3623259911934535,
    0.4209584097067515,
    0.612682024637858,
    0.6288871119419733,
    0.4268931398789088,
    0.45098477602005005,
    0.36853448549906415,
    0.3518294592698415,
    0.36134574313958484,
    0.39695891241232556,
    0.47323765357335407,
    0.3890712559223175,
    0.5667798245946566,
    0.572984958688418,
    0.398214894036452,
    0.3772558942437172,
    0.3969197670618693,
    0.44967686633268994,
    0.5390051106611887,
    0.4921088715394338,
    0.43006735543409985,
    0.3703925708929698,
    0.441402609149615
  ],
  "val_loss": [
    1.2818574905395508,
    1.7396447658538818,
    1.4773948192596436,
    2.2807540893554688,
    1.417457103729248,
    1.6578799486160278,
    1.6363213062286377,
    1.0862350463867188,
    1.3557910919189453,
    1.2593467235565186,
    1.2806390523910522,
    1.422979712486267,
    1.3787680864334106,
    1.4495818614959717,
    1.144435167312622,
    1.2250170707702637,
    1.2070953845977783,
    1.2489603757858276,
    1.1316298246383667,
    1.6092290878295898,
    1.0631178617477417,
    1.0553059577941895,
    1.2169277667999268,
    1.0893498659133911,
    1.1268073320388794,
    1.240997076034546,
    1.0908737182617188,
    1.2093478441238403,
    1.0945019721984863,
    1.0939044952392578,
    1.1936566829681396,
    1.1194804906845093,
    1.0748965740203857,
    1.2667303085327148,
    1.1758615970611572,
    1.1223697662353516,
    1.1052011251449585,
    1.096663236618042,
    1.0536208152770996,
    1.0825343132019043,
    1.182091236114502,
    1.1569693088531494,
    1.0908126831054688,
    1.1048164367675781,
    1.1109750270843506,
    1.1106809377670288,
    1.1501456499099731,
    1.1059130430221558,
    1.1248682737350464,
    1.133970856666565,
    1.117893934249878,
    1.089463472366333,
    1.0736870765686035,
    1.081863284111023,
    1.079002857208252,
    1.0775026082992554,
    1.0913114547729492,
    1.0980820655822754,
    1.0911451578140259,
    1.0977978706359863,
    1.10622239112854,
    1.1114150285720825,
    1.0973701477050781,
    1.1109384298324585,
    1.121651291847229,
    1.1175172328948975,
    1.1129295825958252,
    1.116302490234375,
    1.1072216033935547,
    1.1023306846618652,
    1.090327501296997,
    1.1353551149368286,
    1.1115869283676147,
    1.107350468635559,
    1.1054123640060425,
    1.1046923398971558,
    1.1055898666381836,
    1.1065480709075928,
    1.0970689058303833,
    1.088633418083191,
    1.0901333093643188,
    1.0805658102035522,
    1.0789000988006592,
    1.0839385986328125,
    1.1156983375549316,
    1.103754997253418,
    1.1019960641860962,
    1.1059653759002686,
    1.091701626777649
  ],
  "train_acc": [
    0.4074074074074074,
    0.5061728395061729,
    0.5154320987654321,
    0.5432098765432098,
    0.4722222222222222,
    0.5401234567901234,
    0.6111111111111112,
    0.5246913580246914,
    0.5092592592592593,
    0.5123456790123457,
    0.5802469135802469,
    0.5462962962962963,
    0.6419753086419753,
    0.6419753086419753,
    0.4722222222222222,
    0.6358024691358025,
    0.5493827160493827,
    0.5987654320987654,
    0.5895061728395061,
    0.7067901234567902,
    0.4506172839506173,
    0.7191358024691358,
    0.6111111111111112,
    0.691358024691358,
    0.6759259259259259,
    0.7098765432098766,
    0.7037037037037037,
    0.7067901234567902,
    0.6697530864197531,
    0.7314814814814815,
    0.7160493827160493,
    0.691358024691358,
    0.7561728395061729,
    0.7253086419753086,
    0.6419753086419753,
    0.7623456790123457,
    0.7746913580246914,
    0.7129629629629629,
    0.7314814814814815,
    0.75,
    0.75,
    0.691358024691358,
    0.7716049382716049,
    0.7901234567901234,
    0.8055555555555556,
    0.7808641975308642,
    0.7839506172839507,
    0.7777777777777778,
    0.8024691358024691,
    0.8055555555555556,
    0.7716049382716049,
    0.8024691358024691,
    0.7777777777777778,
    0.808641975308642,
    0.8271604938271605,
    0.7870370370370371,
    0.808641975308642,
    0.8179012345679012,
    0.7901234567901234,
    0.8055555555555556,
    0.7993827160493827,
    0.8148148148148148,
    0.7932098765432098,
    0.8024691358024691,
    0.7839506172839507,
    0.7592592592592593,
    0.8209876543209876,
    0.7962962962962963,
    0.7993827160493827,
    0.8055555555555556,
    0.7777777777777778,
    0.8302469135802469,
    0.7901234567901234,
    0.8395061728395061,
    0.8209876543209876,
    0.8179012345679012,
    0.7962962962962963,
    0.7993827160493827,
    0.7962962962962963,
    0.7592592592592593,
    0.7962962962962963,
    0.8055555555555556,
    0.8055555555555556,
    0.7932098765432098,
    0.8055555555555556,
    0.8487654320987654,
    0.8333333333333334,
    0.8209876543209876,
    0.8209876543209876
  ],