{
  "accuracy": 0.7014084507042253,
  "precision": [
    0.9820359281437125,
    0.38922155688622756,
    0.9523809523809523
  ],
  "recall": [
    0.7557603686635944,
    0.9848484848484849,
    0.2777777777777778
  ],
  "f1": [
    0.8541666666666666,
    0.5579399141630901,
    0.43010752688172044
  ],
  "roc_auc": 0.9625030761535158,
  "confusion_matrix": [
    [
      164,
      53,
      0
    ],
    [
      0,
      65,
      1
    ],
    [
      3,
      49,
      20
    ]
  ]
}