{
  "accuracy": 0.23098591549295774,
  "precision": [
    1.0,
    0.0,
    0.20869565217391303
  ],
  "recall": [
    0.04608294930875576,
    0.0,
    1.0
  ],
  "f1": [
    0.0881057268722467,
    0.0,
    0.34532374100719426
  ],
  "roc_auc": 0.7589532355298424,
  "confusion_matrix": [
    [
      10,
      0,
      207
    ],
    [
      0,
      0,
      66
    ],
    [
      0,
      0,
      72
    ]
  ]
}