{
  "train_loss": [
    10.479790687561035,
    8.651213010152182,
    4.572301864624023,
    3.6486219565073648,
    3.612250566482544,
    2.5024612744649253,
    2.5247265895207724,
    1.9563339948654175,
    1.5455421606699626,
    1.4853673378626506,
    1.503548800945282,
    1.5179210503896077,
    1.4233460028966267,
    1.373986800511678,
    1.257638414700826,
    0.9826583464940389,
    1.3907818794250488,
    0.9765729308128357,
    0.9833265940348307,
    0.8176466822624207,
    0.8811565836270651,
    1.2009675900141399,
    0.8963490525881449,
    0.879291832447052,
    0.902449905872345,
    0.7349139253298441,
    0.9194217125574747,
    0.8119223316510519,
    0.7595929702123007,
    0.8098500569661459,
    0.857234537601471,
    0.7385955452919006,
    0.7400654554367065,
    0.7504882017771403,
    0.7462804516156515,
    0.7165038784344991,
    0.699582020441691,
    0.6700147390365601,
    0.6590548157691956,
    0.643855889638265,
    0.630268414815267,
    0.6828217307726542,
    0.6655590931574503,
    0.6912773847579956,
    0.644334634145101,
    0.7096895575523376,
    0.7192962169647217,
    0.6539732217788696,
    0.5712182919184366,
    0.6256735722223917,
    0.7182927926381429,
    0.705633819103241,
    0.6804749965667725,
    0.6083879272143046,
    0.609292189280192,
    0.740424633026123,
    0.64870285987854,
    0.6691468159357706,
    0.7543060978253683,
    0.6949144005775452,
    0.7339001297950745,
    0.6371713876724243,
    0.6491026878356934,
    0.6134121417999268,
    0.7278485894203186,
    0.6542324821154276,
    0.6173803607622782
  ],
  "val_loss": [
    1.140112280845642,
    1.1224535703659058,
    1.0990163087844849,
    1.0341039896011353,
    1.0225043296813965,
    1.0030900239944458,
    0.9644191861152649,
    0.943159282207489,
    0.9465650320053101,
    0.9201939702033997,
    0.9398335814476013,
    0.9216274619102478,
    0.9125438332557678,
    0.9150311350822449,
    0.9231899976730347,
    0.8874709010124207,
    0.9453273415565491,
    0.9438112378120422,
    0.958470344543457,
    0.9891927242279053,
    0.915489912033081,
    0.9733672738075256,
    1.0096813440322876,
    0.9678968787193298,
    0.9190177917480469,
    0.8900021910667419,
    0.8802604079246521,
    0.8891099691390991,
    0.9051780700683594,
    0.9399550557136536,
    0.9504948854446411,
    0.9630680680274963,
    0.9429742097854614,
    0.9327576756477356,
    0.9336848855018616,
    0.9469744563102722,
    0.9500911235809326,
    0.9395830631256104,
    0.9303486347198486,
    0.9266818165779114,
    0.9237608909606934,
    0.9236587285995483,
    0.9233158230781555,
    0.9331692457199097,
    0.9388665556907654,
    0.943250834941864,
    0.9443216323852539,
    0.9364758133888245,
    0.9281661510467529,
    0.9212774038314819,
    0.912848711013794,
    0.9112154841423035,
    0.9062014818191528,
    0.9077505469322205,
    0.9079541563987732,
    0.9122905731201172,
    0.9114151000976562,
    0.912291944026947,
    0.9092828035354614,
    0.9108980894088745,
    0.9096521735191345,
    0.9101362228393555,
    0.911246657371521,
    0.9091549515724182,
    0.9115211367607117,
    0.9081115126609802,
    0.9078484177589417
  ],
  "train_acc": [
    0.26851851851851855,
    0.6049382716049383,
    0.2932098765432099,
    0.37962962962962965,
    0.6635802469135802,
    0.404320987654321,
    0.38580246913580246,
    0.6604938271604939,
    0.44135802469135804,
    0.5,
    0.6635802469135802,
    0.41975308641975306,
    0.5679012345679012,
    0.6759259259259259,
    0.4104938271604938,
    0.47530864197530864,
    0.6728395061728395,
    0.5679012345679012,
    0.46296296296296297,
    0.6851851851851852,
    0.6820987654320988,
    0.4351851851851852,
    0.4567901234567901,
    0.6141975308641975,
    0.6172839506172839,
    0.6049382716049383,
    0.6018518518518519,
    0.6759259259259259,
    0.6419753086419753,
    0.6327160493827161,
    0.654320987654321,
    0.6080246913580247,
    0.6049382716049383,
    0.7283950617283951,
    0.7160493827160493,
    0.691358024691358,
    0.6172839506172839,
    0.6018518518518519,
    0.7067901234567902,
    0.691358024691358,
    0.7191358024691358,
    0.7283950617283951,
    0.6851851851851852,
    0.6851851851851852,
    0.6882716049382716,
    0.7006172839506173,
    0.6358024691358025,
    0.654320987654321,
    0.7006172839506173,
    0.6975308641975309,
    0.7098765432098766,
    0.7283950617283951,
    0.7438271604938271,
    0.7283950617283951,
    0.7438271604938271,
    0.6820987654320988,
    0.6944444444444444,
    0.7037037037037037,
    0.6882716049382716,
    0.7067901234567902,
    0.7160493827160493,
    0.7407407407407407,
    0.7222222222222222,
    0.7407407407407407,
    0.7067901234567902,
    0.7716049382716049,
    0.7129629629629629
  ],
  "val_acc": [
    0.5135135135135135,
    0.13513513513513514,
    0.13513513513513514,
    0.1891891891891892,
    0.13513513513513514,
    0.21621621621621623,
    0.4594594594594595,
    0.21621621621621623,
    0.21621621621621623,
    0.7837837837837838,
    0.2702702702702703,
    0.35135135135135137,
    0.7837837837837838,
    0.3783783783783784,
    0.3783783783783784,
    0.7297297297297297,
    0.7297297297297297,
    0.40540540540540543,
    0.8108108108108109,
    0.7567567567567568,
    0.5675675675675675,
    0.4594594594594595,
    0.5405405405405406,
    0.5675675675675675,
    0.5405405405405406,
    0.5135135135135135,
    0.6216216216216216,
    0.5945945945945946,
    0.5405405405405406,
    0.6756756756756757,
    0.5135135135135135,
    0.5405405405405406,
    0.5405405405405406,
    0.5945945945945946,
    0.5405405405405406,
    0.43243243243243246,
    0.40540540540540543,
    0.43243243243243246,
    0.5405405405405406,
    0.5405405405405406,
    0.5405405405405406,
    0.5405405405405406,
    0.4864864864864865,
    0.43243243243243246,
    0.43243243243243246,
    0.40540540540540543,
    0.40540540540540543,
    0.40540540540540543,
    0.40540540540540543,
    0.4864864864864865,
    0.5405405405405406,
    0.5405405405405406,
    0.5405405405405406,
    0.5405405405405406,
    0.5405405405405406,
    0.4864864864864865,
    0.4864864864864865,
    0.4864864864864865,
    0.4864864864864865,
    0.4864864864864865,
    0.4864864864864865,
    0.4864864864864865,
    0.4864864864864865,
    0.5405405405405406,
    0.5405405405405406,
    0.5405405405405406,
    0.4864864864864865
  ],
  "lr": [
    0.001,
    0.001,
    0.001,
    0.001,
    0.001,
    0.001,
    0.001,
    0.001,
    0.001,
    0.001,
    0.001,
    0.001,
    0.001,
    0.001,
    0.001,
    0.001,
    0.001,
    0.001,
    0.001,
    0.001,
    0.001,
    0.0005,
    0.0005,
    0.0005,
    0.0005,
    0.0005,
    0.0005,
    0.0005,
    0.0005,
    0.0005,
    0.0005,
    0.0005,
    0.00025,
    0.00025,
    0.00025,
    0.00025,
    0.00025,
    0.00025,
    0.000125,
    0.000125,
    0.000125,
    0.000125,
    0.000125,
    0.000125,
    6.25e-05,
    6.25e-05,
    6.25e-05,
    6.25e-05,
    6.25e-05,
    6.25e-05,
    3.125e-05,
    3.125e-05,
    3.125e-05,
    3.125e-05,
    3.125e-05,
    3.125e-05,
    1.5625e-05,
    1.5625e-05,
    1.5625e-05,
    1.5625e-05,
    1.5625e-05,
    1.5625e-05,
    7.8125e-06,
    7.8125e-06,
    7.8125e-06,
    7.8125e-06,
    7.8125e-06
  ]
}