{
  "train_loss": [
    16.016488353411358,
    6.568530162175496,
    4.749692002932231,
    3.40709125995636,
    1.8884710868199666,
    2.5778772036234536,
    1.4809268315633137,
    1.1270830929279327,
    1.0368547042210896,
    0.9044346312681834,
    0.9359056899944941,
    1.1589259107907612,
    0.910099079211553,
    0.927577942609787,
    0.7505824168523153,
    0.8792518079280853,
    0.8096357683340708,
    0.7284203867117564,
    0.608019083738327,
    0.7194214165210724,
    0.6210903252164522,
    0.7888112664222717,
    0.8597968022028605,
    0.8056569794813792,
    0.8111991981665293,
    0.6878146727879842,
    0.6721819341182709,
    0.6925183435281118,
    0.7815202375253042,
    0.8675748407840729,
    0.7620301445325216,
    0.7208190063635508,
    0.7319974402586619,
    0.7356427709261576,
    0.6911082863807678,
    0.7073168605566025,
    0.7473185410102209,
    0.7797390123208364,
    0.8946254452069601,
    0.7149332240223885,
    0.8489278356234232,
    0.8707314829031626,
    0.8592783808708191,
    0.8532740871111552,
    0.8166545430819193,
    0.9111610551675161,
    0.8654220402240753,
    0.9416201412677765,
    0.8574606676896414,
    0.8786531190077463,
    0.8988666335741679,
    0.9074243307113647,
    0.8934337993462881
  ],
  "val_loss": [
    1.0510658025741577,
    1.131304144859314,
    1.0231736898422241,
    1.0613033771514893,
    1.2771191596984863,
    1.5030171871185303,
    1.0974639654159546,
    2.05975341796875,
    2.8637194633483887,
    1.6266010999679565,
    6.019394874572754,
    3.340376138687134,
    6.479994773864746,
    5.542336940765381,
    5.1158447265625,
    6.013517379760742,
    6.436237335205078,
    6.629114627838135,
    5.342406272888184,
    6.702670574188232,
    5.507054805755615,
    5.827034950256348,
    5.76941442489624,
    6.215982913970947,
    7.295165061950684,
    6.931638717651367,
    8.72304630279541,
    9.078502655029297,
    9.57685375213623,
    9.960469245910645,
    9.441788673400879,
    10.226634979248047,
    10.898946762084961,
    10.144183158874512,
    11.315794944763184,
    12.5603666305542,
    12.942486763000488,
    12.866667747497559,
    12.736249923706055,
    12.734151840209961,
    12.832395553588867,
    13.123147964477539,
    13.001834869384766,
    13.073962211608887,
    13.322884559631348,
    13.61204719543457,
    13.715927124023438,
    13.746431350708008,
    14.148865699768066,
    13.526656150817871,
    13.843680381774902,
    13.719831466674805,
    14.404973983764648
  ],
  "train_acc": [
    0.3055555555555556,
    0.5030864197530864,
    0.37037037037037035,
    0.43209876543209874,
    0.5123456790123457,
    0.4537037037037037,
    0.5246913580246914,
    0.5771604938271605,
    0.5709876543209876,
    0.6203703703703703,
    0.6203703703703703,
    0.5895061728395061,
    0.5925925925925926,
    0.6851851851851852,
    0.6512345679012346,
    0.691358024691358,
    0.6944444444444444,
    0.6820987654320988,
    0.6574074074074074,
    0.7191358024691358,
    0.7098765432098766,
    0.7530864197530864,
    0.6111111111111112,
    0.654320987654321,
    0.5864197530864198,
    0.6481481481481481,
    0.6759259259259259,
    0.6358024691358025,
    0.6388888888888888,
    0.6172839506172839,
    0.6234567901234568,
    0.6481481481481481,
    0.6141975308641975,
    0.5308641975308642,
    0.6111111111111112,
    0.6388888888888888,
    0.6450617283950617,
    0.5833333333333334,
    0.5370370370370371,
    0.5771604938271605,
    0.5462962962962963,
    0.5648148148148148,
    0.5679012345679012,
    0.5617283950617284,
    0.5802469135802469,
    0.5432098765432098,
    0.5123456790123457,
    0.5308641975308642,
    0.5154320987654321,
    0.5061728395061729,
    0.5185185185185185,
    0.5308641975308642,
    0.5061728395061729
  ],
  "val_acc": [
    0.7027027027027027,
    0.16216216216216217,
    0.5945945945945946,
    0.1891891891891892,
    0.16216216216216217,
    0.1891891891891892,
    0.7567567567567568,
    0.5135135135135135,
    0.32432432432432434,
    0.5675675675675675,
    0.13513513513513514,
    0.32432432432432434,
    0.13513513513513514,
    0.13513513513513514,
    0.13513513513513514,
    0.13513513513513514,
    0.13513513513513514,
    0.16216216216216217,
    0.2972972972972973,
    0.13513513513513514,
    0.2702702702702703,
    0.1891891891891892,
    0.24324324324324326,
    0.24324324324324326,
    0.13513513513513514,
    0.13513513513513514,
    0.13513513513513514,
    0.13513513513513514,
    0.13513513513513514,
    0.13513513513513514,
    0.13513513513513514,
    0.13513513513513514,
    0.13513513513513514,
    0.13513513513513514,
    0.13513513513513514,
    0.13513513513513514,
    0.13513513513513514,
    0.13513513513513514,
    0.13513513513513514,
    0.13513513513513514,
    0.13513513513513514,
    0.13513513513513514,
    0.13513513513513514,
    0.13513513513513514,
    0.13513513513513514,
    0.13513513513513514,
    0.13513513513513514,
    0.13513513513513514,
    0.13513513513513514,
    0.13513513513513514,
    0.13513513513513514,
    0.13513513513513514,
    0.13513513513513514
  ],
  "lr": [
    0.0005,
    0.0005,
    0.0005,
    0.0005,
    0.0005,
    0.0005,
    0.0005,
    0.0005,
    0.00025,
    0.00025,
    0.00025,
    0.00025,
    0.00025,
    0.00025,
    0.000125,
    0.000125,
    0.000125,
    0.000125,
    0.000125,
    0.000125,
    6.25e-05,
    6.25e-05,
    6.25e-05,
    6.25e-05,
    6.25e-05,
    6.25e-05,
    3.125e-05,
    3.125e-05,
    3.125e-05,
    3.125e-05,
    3.125e-05,
    3.125e-05,
    1.5625e-05,
    1.5625e-05,
    1.5625e-05,
    1.5625e-05,
    1.5625e-05,
    1.5625e-05,
    7.8125e-06,
    7.8125e-06,
    7.8125e-06,
    7.8125e-06,
    7.8125e-06,
    7.8125e-06,
    3.90625e-06,
    3.90625e-06,
    3.90625e-06,
    3.90625e-06,
    3.90625e-06,
    3.90625e-06,
    1.953125e-06,
    1.953125e-06,
    1.953125e-06
  ]
}