{
  "accuracy": 0.8985915492957747,
  "precision": [
    0.9796954314720813,
    0.7530864197530864,
    0.8441558441558441
  ],
  "recall": [
    0.8894009216589862,
    0.9242424242424242,
    0.9027777777777778
  ],
  "f1": [
    0.9323671497584541,
    0.8299319727891157,
    0.87248322147651
  ],
  "confusion_matrix": [
    [
      193,
      14,
      10
    ],
    [
      3,
      61,
      2
    ],
    [
      1,
      6,
      65
    ]
  ]
}