{
  "train_loss": [
    10.329478293657303,
    5.224059104919434,
    2.3770232796669006,
    2.0678340991338096,
    1.5629988014698029,
    1.3495337168375652,
    1.71187162399292,
    1.7274288535118103,
    1.0953330124417942,
    1.0686905483404796,
    0.8789665053288142,
    0.9127489080031713,
    0.8096843510866165,
    0.7795985738436381,
    0.8442426721254984,
    0.9049705813328425,
    0.7416203220685323,
    0.7989008526007334,
    0.7160224070151647,
    0.8797435561815897,
    0.7979404528935751,
    0.7886152764161428,
    0.7694217065970103,
    0.7251658737659454,
    0.6107003117601076,
    0.6068116227785746,
    0.5924539317687353,
    0.7620980689922968,
    0.5803187042474747,
    0.4448997875054677,
    0.3733489053944747,
    0.39744654297828674,
    0.42200227578481037,
    0.366291880607605,
    0.2606899769355853,
    0.28756599873304367,
    0.26307565346360207,
    0.301909772058328,
    0.23676544427871704,
    0.20775184532006583,
    0.16583547741174698,
    0.19695240259170532,
    0.141065439209342,
    0.19108149611080685,
    0.15313727284471193,
    0.11511770697931449,
    0.24192579090595245,
    0.14746439369628206,
    0.12994312370816866,
    0.08585577608027961,
    0.10841874429024756,
    0.1054533189162612,
    0.0839619083950917,
    0.11471058552463849,
    0.15635952974359194,
    0.29465410361687344,
    0.1359718143939972,
    0.0848757562537988,
    0.16944722769161066,
    0.08588983539569502,
    0.10685681117077668,
    0.07756886072456837,
    0.06518757343292236,
    0.11156506091356277,
    0.07231666054576635,
    0.09071498985091846,
    0.06697288403908412,
    0.07768022269010544,
    0.2629677876830101,
    0.13186860146621862,
    0.09868408553302288,
    0.09133690161009629,
    0.0908047237705129,
    0.11604692166050275,
    0.0860546138137579,
    0.1447070768723885,
    0.06295235951741536,
    0.10159697013053422,
    0.1400297712534666,
    0.058185524928073086,
    0.10449470455447833
  ],
  "val_loss": [
    1.6422737836837769,
    1.5771996974945068,
    1.447231411933899,
    1.6540523767471313,
    1.8160911798477173,
    1.7281855344772339,
    1.4588924646377563,
    1.6577866077423096,
    1.5055898427963257,
    1.3490408658981323,
    1.2434853315353394,
    1.3568308353424072,
    1.3043699264526367,
    1.2429783344268799,
    1.1428170204162598,
    1.26289963722229,
    1.2439231872558594,
    1.2684063911437988,
    1.2066552639007568,
    1.1268903017044067,
    1.0847442150115967,
    1.1447607278823853,
    1.096745491027832,
    1.003625750541687,
    1.1488646268844604,
    1.1196904182434082,
    1.1338083744049072,
    1.1384711265563965,
    1.028089165687561,
    0.9615071415901184,
    0.8337907195091248,
    1.0210577249526978,
    0.9381556510925293,
    1.0087071657180786,
    1.0853279829025269,
    1.1568007469177246,
    1.072140097618103,
    1.0738120079040527,
    0.9220330715179443,
    0.9186151623725891,
    0.9266608357429504,
    0.929932713508606,
    1.0356783866882324,
    0.98507159948349,
    0.93336021900177,
    0.9304104447364807,
    0.946292519569397,
    0.9642365574836731,
    0.959404706954956,
    0.9735750555992126,
    1.0176985263824463,
    1.012838363647461,
    0.9710145592689514,
    0.9605065584182739,
    0.9571327567100525,
    0.9889662265777588,
    0.9783892035484314,
    0.9818896055221558,
    0.9725509881973267,
    0.9703614711761475,
    0.9782719612121582,
    1.0046961307525635,
    0.9830037355422974,
    1.0122013092041016,
    0.9908530116081238,
    0.9836209416389465,
    0.9722051024436951,
    0.9634714126586914,
    1.031931757926941,
    1.0111249685287476,
    0.9803972244262695,
    0.9755526185035706,
    0.9617218375205994,
    0.9656586647033691,
    0.9806236028671265,
    0.9734793305397034,
    0.9792762398719788,
    0.98987877368927,
    0.9917950630187988,
    1.0017387866973877,
    0.9824895858764648
  ],
  "train_acc": [
    0.24382716049382716,
    0.595679012345679,
    0.5401234567901234,
    0.5771604938271605,
    0.5462962962962963,
    0.48148148148148145,
    0.5925925925925926,
    0.5277777777777778,
    0.5648148148148148,
    0.6790123456790124,
    0.5308641975308642,
    0.6790123456790124,
    0.6265432098765432,
    0.6820987654320988,
    0.4444444444444444,
    0.7067901234567902,
    0.5617283950617284,
    0.6512345679012346,
    0.5987654320987654,
    0.7006172839506173,
    0.4506172839506173,
    0.7314814814814815,
    0.5648148148148148,
    0.6265432098765432,
    0.7561728395061729,
    0.6882716049382716,
    0.7685185185185185,
    0.8271604938271605,
    0.6820987654320988,
    0.8179012345679012,
    0.845679012345679,
    0.8487654320987654,
    0.8148148148148148,
    0.845679012345679,
    0.8888888888888888,
    0.8858024691358025,
    0.8888888888888888,
    0.8950617283950617,
    0.8858024691358025,
    0.9351851851851852,
    0.9259259259259259,
    0.9290123456790124,
    0.941358024691358,
    0.9074074074074074,
    0.9382716049382716,
    0.9506172839506173,
    0.9567901234567902,
    0.9320987654320988,
    0.9660493827160493,
    0.9722222222222222,
    0.9567901234567902,
    0.9567901234567902,
    0.9691358024691358,
    0.9475308641975309,
    0.9537037037037037,
    0.9444444444444444,
    0.9537037037037037,
    0.9691358024691358,
    0.9753086419753086,
    0.9598765432098766,
    0.9660493827160493,
    0.9691358024691358,
    0.9753086419753086,
    0.9629629629629629,
    0.9691358024691358,
    0.9537037037037037,
    0.9722222222222222,
    0.9660493827160493,
    0.9475308641975309,
    0.9567901234567902,
    0.9506172839506173,
    0.9691358024691358,
    0.9691358024691358,
    0.9475308641975309,
    0.9660493827160493,
    0.9629629629629629,
    0.9753086419753086,
    0.9537037037037037,
    0.9567901234567902,
    0.9660493827160493,
    0.9722222222222222
  ],
  "val_acc": [
    0.6216216216216216,
    0.21621621621621623,
    0.5945945945945946,
    0.16216216216216217,
    0.1891891891891892,
    0.7297297297297297,
    0.5675675675675675,
    0.7297297297297297,
    0.7837837837837838,
    0.7837837837837838,
    0.7297297297297297,
    0.6486486486486487,
    0.7297297297297297,
    0.16216216216216217,
    0.7027027027027027,
    0.5135135135135135,
    0.5675675675675675,
    0.40540540540540543,
    0.2972972972972973,
    0.2702702702702703,
    0.7027027027027027,
    0.21621621621621623,
    0.32432432432432434,
    0.6486486486486487,
    0.5135135135135135,
    0.7297297297297297,
    0.5135135135135135,
    0.43243243243243246,
    0.5675675675675675,
    0.6756756756756757,
    0.7837837837837838,
    0.6486486486486487,
    0.8108108108108109,
    0.7837837837837838,
    0.7837837837837838,
    0.7027027027027027,
    0.6756756756756757,
    0.7027027027027027,
    0.7567567567567568,
    0.7567567567567568,
    0.7837837837837838,
    0.7837837837837838,
    0.7297297297297297,
    0.7567567567567568,
    0.7837837837837838,
    0.7837837837837838,
    0.7567567567567568,
    0.8108108108108109,
    0.8108108108108109,
    0.8108108108108109,
    0.7297297297297297,
    0.7567567567567568,
    0.8378378378378378,
    0.8378378378378378,
    0.8108108108108109,
    0.7567567567567568,
    0.7567567567567568,
    0.7837837837837838,
    0.8378378378378378,
    0.8378378378378378,
    0.8378378378378378,
    0.7837837837837838,
    0.7837837837837838,
    0.7567567567567568,
    0.7567567567567568,
    0.8108108108108109,
    0.8378378378378378,
    0.8378378378378378,
    0.7567567567567568,
    0.7567567567567568,
    0.8108108108108109,
    0.8108108108108109,
    0.8378378378378378,
    0.8108108108108109,
    0.8108108108108109,
    0.8108108108108109,
    0.8108108108108109,
    0.8108108108108109,
    0.8108108108108109,
    0.7837837837837838,
    0.8108108108108109
  ],