{
  "accuracy": 0.9014084507042254,
  "precision": [
    0.9796954314720813,
    0.7294117647058823,
    0.8904109589041096
  ],
  "recall": [
    0.8894009216589862,
    0.9393939393939394,
    0.9027777777777778
  ],
  "f1": [
    0.9323671497584541,
    0.8211920529801324,
    0.896551724137931
  ],
  "roc_auc": 0.9748598924636226,
  "confusion_matrix": [
    [
      193,
      17,
      7
    ],
    [
      3,
      62,
      1
    ],
    [
      1,
      6,
      65
    ]
  ]
}