{
  "train_loss": [
    5.954904238382976,
    4.027596632639567,
    3.3172011375427246,
    2.8175241947174072,
    3.6869816978772483,
    2.405838926633199,
    1.9705766836802165,
    1.736153667171796,
    2.2879331906636557,
    1.9861382444699605,
    1.7199556231498718,
    1.9894145329793294,
    1.7513137261072795,
    2.031434953212738,
    1.4274650116761525,
    1.5010818888743718,
    1.4089191754659016,
    1.563454806804657,
    1.3127980927626293,
    1.2175790270169575,
    1.482581188281377,
    1.4442058205604553,
    1.0419623951117198,
    1.0462502936522167,
    1.0583080848058064,
    1.5118577082951863,
    1.1154546638329823,
    1.2157233556111653,
    1.179136961698532,
    1.537377377351125,
    1.1455642879009247,
    1.507776141166687,
    1.0042820523182552,
    1.2797482113043468,
    1.0025585293769836,
    1.3450081745783489,
    1.290513018767039,
    1.2336050768693287,
    1.055271605650584,
    1.020735651254654,
    1.2768572171529133,
    1.6075619260470073,
    0.9533632198969523,
    1.4016723533471425,
    0.991556723912557,
    1.061323881149292,
    1.2703872621059418,
    1.5375515421231587,
    1.4295250078042347,
    1.0909397800763447,
    1.1070297459761302,
    0.8224319294095039,
    1.7090752124786377
  ],
  "val_loss": [
    1.0538032054901123,
    1.1474169492721558,
    1.048515796661377,
    1.2395187616348267,
    1.27988862991333,
    1.325873613357544,
    1.2156175374984741,
    1.251558542251587,
    1.3048639297485352,
    1.3456251621246338,
    1.3788268566131592,
    1.3554424047470093,
    1.323441743850708,
    1.341536283493042,
    1.3724884986877441,
    1.3249136209487915,
    1.3536279201507568,
    1.3665462732315063,
    1.358551025390625,
    1.3674311637878418,
    1.371614933013916,
    1.3654654026031494,
    1.3750115633010864,
    1.3798291683197021,
    1.3887488842010498,
    1.3772695064544678,
    1.3723517656326294,
    1.3780854940414429,
    1.3711810111999512,
    1.3715804815292358,
    1.3767672777175903,
    1.3785598278045654,
    1.3724184036254883,
    1.3719441890716553,
    1.3542711734771729,
    1.3655253648757935,
    1.3667094707489014,
    1.3743082284927368,
    1.374038577079773,
    1.3771954774856567,
    1.3765000104904175,
    1.378621220588684,
    1.3559012413024902,
    1.3669968843460083,
    1.340064525604248,
    1.3156187534332275,
    1.3378419876098633,
    1.3572936058044434,
    1.3548411130905151,
    1.3622169494628906,
    1.356434941291809,
    1.3447259664535522,
    1.3380517959594727
  ],
  "train_acc": [
    0.30246913580246915,
    0.5277777777777778,
    0.37962962962962965,
    0.5617283950617284,
    0.5,
    0.5246913580246914,
    0.6080246913580247,
    0.5308641975308642,
    0.5493827160493827,
    0.5432098765432098,
    0.5740740740740741,
    0.5092592592592593,
    0.558641975308642,
    0.5,
    0.5648148148148148,
    0.5370370370370371,
    0.5185185185185185,
    0.6141975308641975,
    0.5679012345679012,
    0.5493827160493827,
    0.6049382716049383,
    0.6203703703703703,
    0.6203703703703703,
    0.6080246913580247,
    0.6111111111111112,
    0.5339506172839507,
    0.5895061728395061,
    0.6388888888888888,
    0.6450617283950617,
    0.6172839506172839,
    0.6419753086419753,
    0.5895061728395061,
    0.5925925925925926,
    0.6234567901234568,
    0.6049382716049383,
    0.5925925925925926,
    0.6018518518518519,
    0.6049382716049383,
    0.6388888888888888,
    0.6018518518518519,
    0.595679012345679,
    0.5987654320987654,
    0.6419753086419753,
    0.5833333333333334,
    0.6018518518518519,
    0.6296296296296297,
    0.6172839506172839,
    0.6018518518518519,
    0.6203703703703703,
    0.6080246913580247,
    0.5833333333333334,
    0.6450617283950617,
    0.6234567901234568
  ],
  "val_acc": [
    0.1891891891891892,
    0.40540540540540543,
    0.43243243243243246,
    0.4594594594594595,
    0.5675675675675675,
    0.7837837837837838,
    0.6216216216216216,
    0.7297297297297297,
    0.6486486486486487,
    0.6216216216216216,
    0.5945945945945946,
    0.5405405405405406,
    0.5945945945945946,
    0.6216216216216216,
    0.6216216216216216,
    0.6756756756756757,
    0.6486486486486487,
    0.5945945945945946,
    0.6756756756756757,
    0.6756756756756757,
    0.5945945945945946,
    0.6486486486486487,
    0.6756756756756757,
    0.5945945945945946,
    0.6216216216216216,
    0.6486486486486487,
    0.6486486486486487,
    0.6756756756756757,
    0.7027027027027027,
    0.6216216216216216,
    0.6486486486486487,
    0.6486486486486487,
    0.6756756756756757,
    0.6756756756756757,
    0.6486486486486487,
    0.6756756756756757,
    0.6756756756756757,
    0.6756756756756757,
    0.5945945945945946,
    0.5945945945945946,
    0.6486486486486487,
    0.6756756756756757,
    0.6486486486486487,
    0.6486486486486487,
    0.6216216216216216,
    0.5945945945945946,
    0.6216216216216216,
    0.6486486486486487,
    0.6486486486486487,
    0.6216216216216216,
    0.5945945945945946,
    0.5945945945945946,
    0.5945945945945946
  ],
  "lr": [
    0.0001,
    0.0001,
    0.0001,
    0.0001,
    0.0001,
    0.0001,
    0.0001,
    0.0001,
    5e-05,
    5e-05,
    5e-05,
    5e-05,
    5e-05,
    5e-05,
    2.5e-05,
    2.5e-05,
    2.5e-05,
    2.5e-05,
    2.5e-05,
    2.5e-05,
    1.25e-05,
    1.25e-05,
    1.25e-05,
    1.25e-05,
    1.25e-05,
    1.25e-05,
    6.25e-06,
    6.25e-06,
    6.25e-06,
    6.25e-06,
    6.25e-06,
    6.25e-06,
    3.125e-06,
    3.125e-06,
    3.125e-06,
    3.125e-06,
    3.125e-06,
    3.125e-06,
    1.5625e-06,
    1.5625e-06,
    1.5625e-06,
    1.5625e-06,
    1.5625e-06,
    1.5625e-06,
    7.8125e-07,
    7.8125e-07,
    7.8125e-07,
    7.8125e-07,
    7.8125e-07,
    7.8125e-07,
    3.90625e-07,
    3.90625e-07,
    3.90625e-07
  ]
}