{
  "accuracy": 0.8816901408450705,
  "precision": [
    0.9698492462311558,
    0.6593406593406593,
    0.9230769230769231
  ],
  "recall": [
    0.8894009216589862,
    0.9090909090909091,
    0.8333333333333334
  ],
  "f1": [
    0.9278846153846154,
    0.7643312101910829,
    0.8759124087591241
  ],
  "roc_auc": 0.9667153145271318,
  "confusion_matrix": [
    [
      193,
      20,
      4
    ],
    [
      5,
      60,
      1
    ],
    [
      1,
      11,
      60
    ]
  ]
}